-- MySQL dump 10.13  Distrib 5.6.19, for Win64 (x86_64)
--
-- Host: localhost    Database: riskmanagement
-- ------------------------------------------------------
-- Server version	5.6.19

/*!40101 SET @OLD_CHARACTER_SET_CLIENT=@@CHARACTER_SET_CLIENT */;
/*!40101 SET @OLD_CHARACTER_SET_RESULTS=@@CHARACTER_SET_RESULTS */;
/*!40101 SET @OLD_COLLATION_CONNECTION=@@COLLATION_CONNECTION */;
/*!40101 SET NAMES utf8 */;
/*!40103 SET @OLD_TIME_ZONE=@@TIME_ZONE */;
/*!40103 SET TIME_ZONE='+00:00' */;
/*!40014 SET @OLD_UNIQUE_CHECKS=@@UNIQUE_CHECKS, UNIQUE_CHECKS=0 */;
/*!40014 SET @OLD_FOREIGN_KEY_CHECKS=@@FOREIGN_KEY_CHECKS, FOREIGN_KEY_CHECKS=0 */;
/*!40101 SET @OLD_SQL_MODE=@@SQL_MODE, SQL_MODE='NO_AUTO_VALUE_ON_ZERO' */;
/*!40111 SET @OLD_SQL_NOTES=@@SQL_NOTES, SQL_NOTES=0 */;

--
-- Table structure for table `app_user`
--

DROP TABLE IF EXISTS `app_user`;
/*!40101 SET @saved_cs_client     = @@character_set_client */;
/*!40101 SET character_set_client = utf8 */;
CREATE TABLE `app_user` (
  `id` bigint(20) NOT NULL AUTO_INCREMENT,
  `account_expired` bit(1) NOT NULL,
  `account_locked` bit(1) NOT NULL,
  `address` varchar(150) DEFAULT NULL,
  `city` varchar(50) DEFAULT NULL,
  `country` varchar(100) DEFAULT NULL,
  `postal_code` varchar(15) DEFAULT NULL,
  `province` varchar(100) DEFAULT NULL,
  `credentials_expired` bit(1) NOT NULL,
  `email` varchar(255) NOT NULL,
  `account_enabled` bit(1) DEFAULT NULL,
  `first_name` varchar(50) NOT NULL,
  `last_name` varchar(50) NOT NULL,
  `password` varchar(255) NOT NULL,
  `password_hint` varchar(255) DEFAULT NULL,
  `phone_number` varchar(255) DEFAULT NULL,
  `username` varchar(50) NOT NULL,
  `version` int(11) DEFAULT NULL,
  `website` varchar(255) DEFAULT NULL,
  PRIMARY KEY (`id`),
  UNIQUE KEY `email` (`email`),
  UNIQUE KEY `username` (`username`)
) ENGINE=InnoDB AUTO_INCREMENT=48 DEFAULT CHARSET=utf8;
/*!40101 SET character_set_client = @saved_cs_client */;

--
-- Dumping data for table `app_user`
--

LOCK TABLES `app_user` WRITE;
/*!40000 ALTER TABLE `app_user` DISABLE KEYS */;
INSERT INTO `app_user` VALUES (-3,'\0','\0','','Denver','US','80210','CO','\0','two_roles_user@appfuse.org','','Two Roles','User','$2a$10$bH/ssqW8OhkTlIso9/yakubYODUOmh.6m5HEJvcBq3t3VdBh7ebqO','Not a female kitty.','','two_roles_user',1,'http://raibledesigns.com'),(-2,'\0','\0','','Denver','US','80210','CO','\0','matt@raibledesigns.com','','Matt','Raible','$2a$10$bH/ssqW8OhkTlIso9/yakubYODUOmh.6m5HEJvcBq3t3VdBh7ebqO','Not a female kitty.','','admin',1,'http://raibledesigns.com'),(-1,'\0','\0','','Denver','US','80210','CO','\0','matt_raible@yahoo.com','','Tomcat','User','$2a$10$CnQVJ9bsWBjMpeSKrrdDEeuIptZxXrwtI6CZ/OgtNxhIgpKxXeT9y','A male kitty.','','user',1,'http://tomcat.apache.org'),(15,'\0','\0','','','','','','\0','lixue@brxt.net','','雪','李','$2a$10$nqrsP9ECprnOI2xoh7JFk.82mUcKIc5p1cyAAaMThWqVRfAD3jx1e','lixue','','lixue',0,''),(16,'\0','\0','','','','','','\0','loubingxun@brxt.net','','兵勋','娄','$2a$10$JjS8GCyHdykPtrsYqWfBUeBir0YkCt.jXtFIioz.a6Nmw72LCt2pi','loubingxun','','loubingxun',0,''),(17,'\0','\0','','','','','','\0','wangzhen@brxt.net','','振','王','$2a$10$ruy2OWxsOwZ4SdgMqRx3R.dlVKA7XRXDgPRA4CjF2CwSfDnPihy/W','wangzhen','','wangzhen',0,''),(18,'\0','\0','','','','','','\0','lixin@brxt.net','','鑫','李','$2a$10$c58fMFNo22SDQF9gzihU8e5xUVNWe1RT6eAFWjqSjNDTTYAr428hC','lixin','','lixin',0,''),(19,'\0','\0','','','','','','\0','qsm@brxt.net','','淑敏','乔','$2a$10$1ZUm08zMPUfYRnCvY7dRpe2Jt49a7qRcppkgO3yBG1tWDwq3iT0ie','qiaoshumin','','qiaoshumin',1,''),(20,'\0','\0','','','','','','\0','zsf@brxt.net','','素芬','赵','$2a$10$V0jTMEELFzrog/bYKfhZmuIzNPcE9kh5MMVxB7UMmnY464pQ4YNVm','zhaosufen','','zhaosufen',3,''),(21,'\0','\0','','','','','','\0','liuhui@brxt.net','','卉','刘','$2a$10$A.A0NRMD.qC0RE/ZMhZIjufQpBiAD9DL8QDT1gtClrhjslFf1YCqe','liuhui','','liuhui',1,''),(22,'\0','\0','','','','','','\0','hubin@brxt.net','','斌','胡','$2a$10$sZ.HgFskw/Cepx69MCgvRO7WM2rdmzy6Q7WbsMPqKbane9O70sd9K','hubin','','hubin',1,''),(23,'\0','\0','','','','','','\0','liujy@brxt.net','','静怡','刘','$2a$10$OxnMMzxWWdiNDkelwN/xweVh37glcdvtFQDBX4wI6K9kmDBS9EQnm','liujingyi','','liujingyi',2,''),(24,'\0','\0','','','','','','\0','chensh@brxt.net','','思慧','陈','$2a$10$F3nNImwG6fSNwJokVujrQ.wJ1MQTMzremcnWv.DbEiS2.dnhp5PLu','chensihui','','chensihui',1,''),(26,'\0','\0','','','','','','\0','tangly@brxt.net','','丽媛','唐','$2a$10$W0Gc.EzBJsEZCJ/cJHemyuym/JD9I3BTyFPvnXR8.gXunYOT.n.5K','tangliyuan','','tangliyuan',2,''),(27,'\0','\0','','','','','','\0','songnan@brxt.net','','楠','宋','$2a$10$2IBOLYbNEMBin89Xfuft7uuUjcBaedHBMH3iTZfIwstPDBwXaV.tG','songnan','','songnan',1,''),(28,'\0','\0','','','','','','\0','zhaoyp@brxt.net','','雅萍','赵','$2a$10$LN.0tuqHgFkGceaBqyqYBuPmF4tF2SzEgAvyrlOgMUww7tr0gogJa','zhaoyaping','','zhaoyaping',1,''),(29,'\0','\0','','','','','','\0','xueming@brxt.net','','明','薛','$2a$10$FdisK4.edVOjuuMOpzuG/uJahuESSAUgId582sQmiN6fzGuKLdAP2','xueming','','xueming',1,''),(31,'\0','\0','','','','','','\0','zhangyn@brxt.net','','亚宁','张','$2a$10$GZGXZ7t8kclxZoR/r8HZueg2DfjV0xPw2jmU3kE/3MwAzUbSE0YN2','zhangyaning','','zhangyaning',1,''),(32,'\0','\0','','','','','','\0','tanxq@brxt.net','','孝权','谭','$2a$10$.BAjcuGVNRTm.PIICHsaEO9ZOM1aOwqixmjCzmapmhQ.H1GrxQdj6','tanxiaoquan','','tanxiaoquan',3,''),(34,'\0','\0','','','','','','\0','haoran@brxt.net','','然','郝','$2a$10$wLtfxDLnX.Gk/3WPzDoAdeMA/CHcvLex3hx91Rhaj5Y.IM7XtFHV.','haoran','','haoran',1,''),(35,'\0','\0','','','','','','\0','shiyh@brxt.net','','延航','史','$2a$10$1NmE/9oMnyUBlZ57l.5/muuJ/O2dqXnfQveEonlGb25JWZGLAXYAa','shiyanshang','','shiyanhang',1,''),(36,'\0','\0','','','','','','\0','chenfei@brxt.net','','飞','陈','$2a$10$rbn5.HRzzjq74NhbXkTkLetBI4Gea2wGULDuqctV1OCviUwbFwAgS','chenfei','','chenfei',1,''),(37,'\0','\0','','','','','','\0','songty@brxt.net','','天乙','宋','$2a$10$73qzEpPqK1CeoTmijvLZXu9ipVtvHXDculFVRhpePaR9Hz9MNEOeW','songtianyi','','songtianyi',2,''),(44,'\0','\0','','','','','','\0','liuys@brxt.net','','云珊','刘','$2a$10$lZz5LA516hgVy2QvP..49uSKOm4veYja2ULOpMu/TmSvJB/OH/uba','liuyunshan','','liuyunshan',6,''),(46,'\0','\0','','','','','','\0','lixl@brxt.net','','小莉','李','$2a$10$1xQoC9gfyrXuytulma/uGeDcxX2a93TtLeMlKBfPkYNTZmL.ufs3W','lixiaoli','','lixiaoli',1,''),(47,'\0','\0','','','','','','\0','likun@brxt.net','','坤','李','$2a$10$wly8CHNWtziJGfXP1SJ6quE7YKXil0fHiWT4vfSc.O4rkk0I12PMO','likun','','likun',1,'');
/*!40000 ALTER TABLE `app_user` ENABLE KEYS */;
UNLOCK TABLES;

--
-- Table structure for table `budget_statement`
--

DROP TABLE IF EXISTS `budget_statement`;
/*!40101 SET @saved_cs_client     = @@character_set_client */;
/*!40101 SET character_set_client = utf8 */;
CREATE TABLE `budget_statement` (
  `id` bigint(20) NOT NULL AUTO_INCREMENT,
  `budgetIncomeTotal` decimal(19,2) DEFAULT NULL,
  `budgetPayTotal` decimal(19,2) DEFAULT NULL,
  `createTime` datetime DEFAULT NULL,
  `createUser` varchar(255) DEFAULT NULL,
  `govFundIncome` decimal(19,2) DEFAULT NULL,
  `govFundPayment` decimal(19,2) DEFAULT NULL,
  `incomeTotal` decimal(19,2) DEFAULT NULL,
  `nonTaxIncome` decimal(19,2) DEFAULT NULL,
  `paymentTotal` decimal(19,2) DEFAULT NULL,
  `reportMonth` smallint(6) DEFAULT NULL,
  `reportYear` int(11) DEFAULT NULL,
  `taxIncome` decimal(19,2) DEFAULT NULL,
  `updateTime` datetime DEFAULT NULL,
  `updateUser` varchar(255) DEFAULT NULL,
  `version` int(11) DEFAULT NULL,
  `counterparty_id` bigint(20) DEFAULT NULL,
  `projectInfo_id` bigint(20) DEFAULT NULL,
  PRIMARY KEY (`id`),
  KEY `FK482840F5A7084600` (`projectInfo_id`),
  KEY `FK482840F5D69A98B4` (`counterparty_id`),
  CONSTRAINT `FK482840F5A7084600` FOREIGN KEY (`projectInfo_id`) REFERENCES `project_info` (`id`),
  CONSTRAINT `FK482840F5D69A98B4` FOREIGN KEY (`counterparty_id`) REFERENCES `counterparty` (`id`)
) ENGINE=InnoDB AUTO_INCREMENT=4 DEFAULT CHARSET=utf8;
/*!40101 SET character_set_client = @saved_cs_client */;

--
-- Dumping data for table `budget_statement`
--

LOCK TABLES `budget_statement` WRITE;
/*!40000 ALTER TABLE `budget_statement` DISABLE KEYS */;
INSERT INTO `budget_statement` VALUES (1,200000.00,700000.00,'2014-06-11 06:06:06','-1',500000.00,800000.00,100000.00,400000.00,600000.00,0,2014,300000.00,'2014-06-11 06:06:06','-1',1,2,1),(2,20000.00,70000.00,'2014-06-11 06:06:06','-1',50000.00,80000.00,10000.00,40000.00,60000.00,6,2014,30000.00,'2014-06-11 06:06:06','-1',1,2,1),(3,70000.00,20000.00,'2014-06-11 06:06:06','-1',40000.00,10000.00,80000.00,50000.00,30000.00,6,2013,60000.00,'2014-06-11 06:06:06','-1',1,2,1);
/*!40000 ALTER TABLE `budget_statement` ENABLE KEYS */;
UNLOCK TABLES;

--
-- Table structure for table `collateral_detail`
--

DROP TABLE IF EXISTS `collateral_detail`;
/*!40101 SET @saved_cs_client     = @@character_set_client */;
/*!40101 SET character_set_client = utf8 */;
CREATE TABLE `collateral_detail` (
  `id` bigint(20) NOT NULL AUTO_INCREMENT,
  `archived` varchar(255) DEFAULT NULL,
  `bookedFundUsage` varchar(255) DEFAULT NULL,
  `certificate` varchar(255) DEFAULT NULL,
  `certificateNo` varchar(255) DEFAULT NULL,
  `contractFundUsage` varchar(255) DEFAULT NULL,
  `createTime` datetime DEFAULT NULL,
  `createUser` varchar(255) DEFAULT NULL,
  `district` varchar(255) DEFAULT NULL,
  `evaluatedMethod1` varchar(255) DEFAULT NULL,
  `evaluatedMethod2` varchar(255) DEFAULT NULL,
  `evaluatedTime` datetime DEFAULT NULL,
  `evaluatedValue` varchar(255) DEFAULT NULL,
  `executor` varchar(255) DEFAULT NULL,
  `location` varchar(255) DEFAULT NULL,
  `owner` varchar(255) DEFAULT NULL,
  `privilegesOrder` varchar(255) DEFAULT NULL,
  `rate` varchar(255) DEFAULT NULL,
  `updateTime` datetime DEFAULT NULL,
  `updateUser` varchar(255) DEFAULT NULL,
  `value1` varchar(255) DEFAULT NULL,
  `value2` varchar(255) DEFAULT NULL,
  `version` int(11) DEFAULT NULL,
  `collateralOverview_id` bigint(20) DEFAULT NULL,
  PRIMARY KEY (`id`),
  KEY `FKE7EC4F59A973D37` (`collateralOverview_id`),
  CONSTRAINT `FKE7EC4F59A973D37` FOREIGN KEY (`collateralOverview_id`) REFERENCES `collateral_overview` (`id`)
) ENGINE=InnoDB DEFAULT CHARSET=utf8;
/*!40101 SET character_set_client = @saved_cs_client */;

--
-- Dumping data for table `collateral_detail`
--

LOCK TABLES `collateral_detail` WRITE;
/*!40000 ALTER TABLE `collateral_detail` DISABLE KEYS */;
/*!40000 ALTER TABLE `collateral_detail` ENABLE KEYS */;
UNLOCK TABLES;

--
-- Table structure for table `collateral_overview`
--

DROP TABLE IF EXISTS `collateral_overview`;
/*!40101 SET @saved_cs_client     = @@character_set_client */;
/*!40101 SET character_set_client = utf8 */;
CREATE TABLE `collateral_overview` (
  `id` bigint(20) NOT NULL AUTO_INCREMENT,
  `createTime` datetime DEFAULT NULL,
  `createUser` varchar(255) DEFAULT NULL,
  `description` varchar(255) DEFAULT NULL,
  `evaluatedValue` varchar(255) DEFAULT NULL,
  `rate` varchar(255) DEFAULT NULL,
  `updateTime` datetime DEFAULT NULL,
  `updateUser` varchar(255) DEFAULT NULL,
  `version` int(11) DEFAULT NULL,
  `projectInfo_id` bigint(20) DEFAULT NULL,
  PRIMARY KEY (`id`),
  KEY `FK7F698281A7084600` (`projectInfo_id`),
  CONSTRAINT `FK7F698281A7084600` FOREIGN KEY (`projectInfo_id`) REFERENCES `project_info` (`id`)
) ENGINE=InnoDB AUTO_INCREMENT=3 DEFAULT CHARSET=utf8;
/*!40101 SET character_set_client = @saved_cs_client */;

--
-- Dumping data for table `collateral_overview`
--

LOCK TABLES `collateral_overview` WRITE;
/*!40000 ALTER TABLE `collateral_overview` DISABLE KEYS */;
INSERT INTO `collateral_overview` VALUES (1,'2014-07-30 18:44:14','admin','','','',NULL,NULL,0,1),(2,'2014-08-04 14:13:54','admin','','','',NULL,NULL,0,1);
/*!40000 ALTER TABLE `collateral_overview` ENABLE KEYS */;
UNLOCK TABLES;

--
-- Table structure for table `collateral_property`
--

DROP TABLE IF EXISTS `collateral_property`;
/*!40101 SET @saved_cs_client     = @@character_set_client */;
/*!40101 SET character_set_client = utf8 */;
CREATE TABLE `collateral_property` (
  `id` bigint(20) NOT NULL AUTO_INCREMENT,
  `createTime` datetime DEFAULT NULL,
  `createUser` varchar(255) DEFAULT NULL,
  `landUsageType` varchar(255) DEFAULT NULL,
  `landUsageYears` int(11) DEFAULT NULL,
  `price` decimal(19,2) DEFAULT NULL,
  `propertyType` varchar(255) DEFAULT NULL,
  `updateTime` datetime DEFAULT NULL,
  `updateUser` varchar(255) DEFAULT NULL,
  `version` int(11) DEFAULT NULL,
  `yearsLimit` varchar(255) DEFAULT NULL,
  `collateral_id` bigint(20) DEFAULT NULL,
  PRIMARY KEY (`id`),
  KEY `FK249E72DD3E1944B7` (`collateral_id`),
  CONSTRAINT `FK249E72DD3E1944B7` FOREIGN KEY (`collateral_id`) REFERENCES `collateral_detail` (`id`)
) ENGINE=InnoDB DEFAULT CHARSET=utf8;
/*!40101 SET character_set_client = @saved_cs_client */;

--
-- Dumping data for table `collateral_property`
--

LOCK TABLES `collateral_property` WRITE;
/*!40000 ALTER TABLE `collateral_property` DISABLE KEYS */;
/*!40000 ALTER TABLE `collateral_property` ENABLE KEYS */;
UNLOCK TABLES;

--
-- Table structure for table `constructing_project`
--

DROP TABLE IF EXISTS `constructing_project`;
/*!40101 SET @saved_cs_client     = @@character_set_client */;
/*!40101 SET character_set_client = utf8 */;
CREATE TABLE `constructing_project` (
  `id` bigint(20) NOT NULL AUTO_INCREMENT,
  `createTime` datetime DEFAULT NULL,
  `createUser` varchar(255) DEFAULT NULL,
  `floor` int(11) DEFAULT NULL,
  `price` decimal(19,2) DEFAULT NULL,
  `projectSize` double DEFAULT NULL,
  `rightsType` varchar(255) DEFAULT NULL,
  `type` varchar(255) DEFAULT NULL,
  `updateTime` datetime DEFAULT NULL,
  `updateUser` varchar(255) DEFAULT NULL,
  `version` int(11) DEFAULT NULL,
  `yearsLimit` varchar(255) DEFAULT NULL,
  `collateral_id` bigint(20) DEFAULT NULL,
  PRIMARY KEY (`id`),
  KEY `FKCBCE27853E1944B7` (`collateral_id`),
  CONSTRAINT `FKCBCE27853E1944B7` FOREIGN KEY (`collateral_id`) REFERENCES `collateral_detail` (`id`)
) ENGINE=InnoDB DEFAULT CHARSET=utf8;
/*!40101 SET character_set_client = @saved_cs_client */;

--
-- Dumping data for table `constructing_project`
--

LOCK TABLES `constructing_project` WRITE;
/*!40000 ALTER TABLE `constructing_project` DISABLE KEYS */;
/*!40000 ALTER TABLE `constructing_project` ENABLE KEYS */;
UNLOCK TABLES;

--
-- Table structure for table `corp_balancesheet`
--

DROP TABLE IF EXISTS `corp_balancesheet`;
/*!40101 SET @saved_cs_client     = @@character_set_client */;
/*!40101 SET character_set_client = utf8 */;
CREATE TABLE `corp_balancesheet` (
  `id` bigint(20) NOT NULL AUTO_INCREMENT,
  `actualCapital` decimal(19,2) DEFAULT NULL,
  `cash` decimal(19,2) DEFAULT NULL,
  `createTime` datetime DEFAULT NULL,
  `createUser` varchar(255) DEFAULT NULL,
  `inventory` decimal(19,2) DEFAULT NULL,
  `liquidAsset` decimal(19,2) DEFAULT NULL,
  `liquidDebt` decimal(19,2) DEFAULT NULL,
  `longLoan` decimal(19,2) DEFAULT NULL,
  `netAsset` decimal(19,2) DEFAULT NULL,
  `payable` decimal(19,2) DEFAULT NULL,
  `payableNote` decimal(19,2) DEFAULT NULL,
  `prepayment` decimal(19,2) DEFAULT NULL,
  `prereceive` decimal(19,2) DEFAULT NULL,
  `receivableNote` decimal(19,2) DEFAULT NULL,
  `receivableOther` decimal(19,2) DEFAULT NULL,
  `receivables` decimal(19,2) DEFAULT NULL,
  `reportMonth` smallint(6) DEFAULT NULL,
  `reportYear` int(11) DEFAULT NULL,
  `shortLoan` decimal(19,2) DEFAULT NULL,
  `totalAsset` decimal(19,2) DEFAULT NULL,
  `totalDebt` decimal(19,2) DEFAULT NULL,
  `unAssignedProfit` decimal(19,2) DEFAULT NULL,
  `updateTime` datetime DEFAULT NULL,
  `updateUser` varchar(255) DEFAULT NULL,
  `version` int(11) DEFAULT NULL,
  `counterparty_id` bigint(20) DEFAULT NULL,
  `projectInfo_id` bigint(20) DEFAULT NULL,
  `longInvestment` decimal(19,2) DEFAULT NULL,
  `fixedAsset` decimal(19,2) DEFAULT NULL,
  `intangibleAsset` decimal(19,2) DEFAULT NULL,
  `capitalReserve` decimal(19,2) DEFAULT NULL,
  `nonLiquid` decimal(19,2) DEFAULT NULL,
  PRIMARY KEY (`id`),
  KEY `FKBB88D678A7084600` (`projectInfo_id`),
  KEY `FKBB88D678D69A98B4` (`counterparty_id`),
  CONSTRAINT `FKBB88D678A7084600` FOREIGN KEY (`projectInfo_id`) REFERENCES `project_info` (`id`),
  CONSTRAINT `FKBB88D678D69A98B4` FOREIGN KEY (`counterparty_id`) REFERENCES `counterparty` (`id`)
) ENGINE=InnoDB AUTO_INCREMENT=87 DEFAULT CHARSET=utf8;
/*!40101 SET character_set_client = @saved_cs_client */;

--
-- Dumping data for table `corp_balancesheet`
--

LOCK TABLES `corp_balancesheet` WRITE;
/*!40000 ALTER TABLE `corp_balancesheet` DISABLE KEYS */;
INSERT INTO `corp_balancesheet` VALUES (1,400000.00,200000.00,'2014-06-11 06:06:06','-1',100000.00,600000.00,100000.00,200000.00,600000.00,500000.00,400000.00,200000.00,600000.00,300000.00,500000.00,400000.00,0,2014,300000.00,100000.00,300000.00,500000.00,'2014-06-11 06:06:06','-1',1,1,1,NULL,NULL,NULL,NULL,NULL),(2,4000004.00,2000002.00,'2014-06-11 06:06:06','-1',1000001.00,6000006.00,1000001.00,2000002.00,6000006.00,5000005.00,4000004.00,2000002.00,6000006.00,3000003.00,5000005.00,4000004.00,6,2014,3000003.00,1000001.00,3000003.00,5000005.00,'2014-06-11 06:06:06','-1',1,1,1,NULL,NULL,NULL,NULL,NULL),(3,4040004.00,2040002.00,'2014-06-11 06:06:06','-1',1040001.00,6000006.00,1040001.00,2040002.00,6400006.00,5000005.00,4000004.00,2400002.00,6000006.00,3040003.00,5000005.00,4000004.00,7,2014,3000003.00,1000001.00,3040003.00,5400005.00,'2014-06-11 06:06:06','-1',1,1,1,NULL,NULL,NULL,NULL,NULL),(4,NULL,NULL,'2014-08-04 15:32:03','admin',NULL,NULL,NULL,NULL,NULL,NULL,NULL,NULL,NULL,NULL,NULL,NULL,0,2013,NULL,NULL,NULL,NULL,NULL,NULL,0,5,4,NULL,NULL,NULL,NULL,NULL),(5,13500.00,1682.12,'2014-08-04 15:32:03','admin',7325.24,NULL,NULL,NULL,57534.16,NULL,NULL,0.00,NULL,0.00,0.00,0.00,12,2013,NULL,85417.57,27883.41,NULL,NULL,NULL,0,5,4,NULL,NULL,NULL,NULL,NULL),(6,NULL,NULL,'2014-08-04 15:33:48','admin',NULL,NULL,NULL,NULL,NULL,NULL,NULL,NULL,NULL,NULL,NULL,NULL,0,2014,NULL,NULL,NULL,NULL,NULL,NULL,0,5,4,NULL,NULL,NULL,NULL,NULL),(7,13500.00,1880.17,'2014-08-04 15:33:48','admin',8558.91,NULL,NULL,NULL,57631.73,NULL,NULL,0.00,NULL,0.00,0.00,0.00,3,2014,NULL,98158.69,40526.96,NULL,NULL,NULL,0,5,4,NULL,NULL,NULL,NULL,NULL),(8,152730000.00,15878889.80,'2014-08-04 16:46:11','lixue',231090573.38,578006854.18,1812003717.40,0.00,560513674.06,3864961.64,0.00,101080986.62,953700.00,0.00,1446460087.48,0.00,0,2014,20000000.00,2372517391.46,1812003717.40,395252477.50,'2014-08-04 16:56:15','lixue',1,8,6,528382992.00,48533266.41,989341.96,12531196.56,48533266.41),(9,152730000.00,19438085.80,'2014-08-04 16:46:11','lixue',176268071.13,703519471.01,1735636136.93,0.00,562121048.93,3860661.64,0.00,86688098.31,1303700.00,0.00,1311843459.61,0.00,6,2014,20000000.00,2297757185.86,1735636136.93,396859852.37,NULL,NULL,0,8,6,652821392.00,49682485.72,914339.48,12531196.56,49682485.72),(10,152730000.00,13168368.51,'2014-08-04 16:56:15','lixue',257422759.35,1691539147.98,1745609225.72,0.00,559420543.58,3860661.64,0.00,88829235.11,953700.00,0.00,1332118785.01,0.00,3,2014,20000000.00,2305029769.30,1745609225.72,394159347.02,NULL,NULL,0,8,6,564911892.00,47525642.82,951525642.82,12531196.56,613490621.30),(11,200000000.00,231561695.40,'2014-08-04 16:56:54','lixin',361048231.90,952872214.69,663624353.48,400000000.00,198227221.11,0.00,0.00,0.00,0.00,0.00,338520066.67,11742220.72,0,2014,75200000.00,1261851574.59,1063624353.48,-7611074.27,'2014-08-04 17:06:16','lixin',1,14,7,105348529.96,1750120.26,0.00,5838295.38,308979359.90),(12,200000000.00,336105208.91,'2014-08-04 16:56:54','lixin',407265806.33,1209054827.94,506743175.54,900000000.00,194781000.92,0.00,0.00,0.00,0.00,0.00,443941591.98,11742220.72,6,2014,75200000.00,1601524176.46,1406743175.54,-11057294.46,NULL,NULL,0,14,7,105348529.96,1625175.59,0.00,5838295.38,392469348.52),(13,152730000.00,113861808.21,'2014-08-04 17:03:06','lixue',-45124702.88,1289296394.43,1402590641.52,38000000.00,300060634.34,3855627.64,0.00,88633979.80,3266900.00,0.00,1131925309.30,0.00,0,2013,20000000.00,1740651275.86,1440590641.52,134799437.78,'2014-08-04 16:56:15','lixue',1,8,6,399571742.00,50542316.39,1139569.23,12531196.56,451354881.40),(14,152730000.00,15878889.80,'2014-08-04 17:03:06','lixue',231090573.38,578006854.18,1812003717.40,0.00,560513674.06,3864961.64,0.00,101080986.62,953700.00,0.00,1446460087.48,0.00,12,2013,20000000.00,2372517391.46,1812003717.40,395252477.50,NULL,NULL,0,8,6,528382992.00,48533266.41,989341.96,12531196.56,48533266.41),(15,200000000.00,551624130.34,'2014-08-04 17:06:16','lixin',383820989.24,1308657406.97,579787227.12,910000000.00,195630058.43,0.00,0.00,0.00,0.00,0.00,351470066.67,11742220.72,3,2014,75200000.00,1685417285.55,1489787227.12,-10208236.95,NULL,NULL,0,14,7,105348529.96,1698816.85,0.00,5838295.38,376759878.58),(16,100000000.00,224664.23,'2014-08-04 17:14:37','lixue',0.00,124592572.15,246264630.00,0.00,97059708.34,0.00,0.00,165193.24,0.00,0.00,124202714.68,0.00,0,2013,0.00,343324338.34,246264630.00,-2940291.66,NULL,NULL,0,9,6,343324338.34,2080066.06,0.00,0.00,218731766.20),(17,100000000.00,4866406.38,'2014-08-04 17:14:37','lixue',0.00,816509674.32,1003721929.76,0.00,38643758.26,0.00,0.00,65075122.03,0.00,0.00,746568145.91,0.00,12,2013,900000000.00,1042365688.02,1003721929.76,-61356241.74,NULL,NULL,0,9,6,1042365688.02,1555100.29,0.00,0.00,225856013.70),(18,760000000.00,2712087728.43,'2014-08-04 17:19:50','lixin',4774055312.73,13189348323.61,9160201025.39,5086300000.00,3310135439.99,301120444.29,77510000.00,507442257.43,99902660.00,0.00,4492313648.02,237849377.00,0,2014,3957300000.00,18653349987.58,15296501025.39,756230729.90,'2014-08-05 09:37:49','lixin',2,13,7,4287652940.28,980423276.89,81887924.71,1682809537.28,5436266504.46),(19,760000000.00,2161127181.76,'2014-08-04 17:19:50','lixin',5156247239.23,13078459546.04,9244290610.51,4910300000.00,3356848962.19,296790844.29,500010000.00,507212732.43,99902660.00,0.00,4549850515.62,238421877.00,3,2014,3455900000.00,18514726050.50,15204590610.51,709517207.70,'2014-08-04 18:11:30','lixin',1,13,7,4307027930.31,987887855.02,82548587.50,1682809537.28,5464001663.97),(20,100000000.00,4866406.38,'2014-08-04 17:22:34','lixue',0.00,816509674.32,1003721929.76,0.00,38643758.26,0.00,0.00,65075122.03,0.00,0.00,746568145.91,0.00,0,2014,900000000.00,1042365688.02,1003721929.76,-61356241.74,NULL,NULL,0,9,6,221830000.00,1555100.29,0.00,0.00,225856013.70),(21,100000000.00,385457.64,'2014-08-04 17:22:34','lixue',0.00,840754114.52,1035856929.76,0.00,38542617.22,0.00,0.00,81911622.03,0.00,0.00,758457034.85,0.00,2,2014,1100000000.00,1074399546.98,1035856929.76,-61457382.78,NULL,NULL,0,9,6,229830000.00,1454622.47,0.00,0.00,233645432.50),(22,100000000.00,121897122.61,'2014-08-04 17:39:09','loubingxun',68890328.00,651792070.57,216026259.77,863470000.00,412036014.66,204273683.99,0.00,68890328.00,0.00,0.00,392853229.40,0.00,0,2014,0.00,1491532274.43,1079486259.77,44573415.51,'2014-08-08 14:55:05','loubingxun',8,16,8,0.00,377954.37,37657.80,260000000.00,839740203.86),(28,100000000.00,196159444.99,'2014-08-04 17:46:17','loubingxun',68890328.00,566246185.57,118612332.49,862470000.00,408943563.88,112028526.34,0.00,68890328.00,0.00,0.00,272408229.40,0.00,3,2014,0.00,1390025896.37,981082332.49,41480964.73,'2014-08-08 14:50:44','loubingxun',2,16,8,0.00,342950.13,36444.03,260000000.00,823779710.80),(29,550000000.00,115196268.24,'2014-08-04 18:04:23','wangzhen',40637219.70,852578875.18,267204330.62,2214000000.00,1403406640.22,0.00,100000000.00,313120466.45,0.00,0.00,378225939.34,5398981.45,0,2014,165000000.00,3884610970.84,2481204330.62,19467148.26,'2014-08-04 18:13:45','wangzhen',2,15,9,250101000.00,2576985386.74,204945708.92,830504112.85,3032032095.66),(32,100000000.00,121897122.61,'2014-08-04 18:12:32','loubingxun',21083862.77,651792070.57,214588649.83,977070000.00,380001223.83,207954158.81,0.00,260000000.00,0.00,0.00,122472829.40,2864556.00,0,2013,0.00,1571659873.66,1191658649.83,15742103.77,'2014-08-04 17:46:17','loubingxun',5,16,8,0.00,164982.61,42512.85,260000000.00,839740203.86),(33,100000000.00,121897122.61,'2014-08-04 18:12:32','loubingxun',128151390.55,651792070.57,216026259.77,863470000.00,412036014.66,204273683.99,0.00,8890328.01,0.00,0.00,392853229.40,0.00,12,2013,0.00,1491532274.43,1079486259.77,44573415.51,NULL,NULL,0,16,8,0.00,377954.37,37657.80,260000000.00,839740203.86),(34,550000000.00,89253622.53,'2014-08-04 18:13:45','wangzhen',41552129.51,880241375.63,212800407.60,2258000000.00,1409433929.56,0.00,90000000.00,357543966.70,0.00,0.00,386583480.99,5308175.90,6,2014,120000000.00,3880234337.16,2470800407.60,25494437.60,NULL,NULL,0,15,9,250101000.00,2549960893.31,199931068.22,830504112.85,2999992961.53),(35,760000000.00,4221805689.57,'2014-08-05 09:37:49','lixin',5623145334.14,15623334772.16,12260188182.33,4499200000.04,3242430569.44,296793814.29,2290010000.00,509004113.43,99902660.00,0.00,4559153313.58,239741877.00,6,2014,4286270000.00,21051818751.81,17809388182.37,641812337.15,NULL,NULL,0,13,7,4287652940.28,973042524.43,81227261.92,1682809537.28,5428483979.65),(36,60000.00,21253.99,'2014-08-08 09:59:31','lixue',37864.89,59124.63,36856.59,0.00,59275.67,0.00,0.00,0.00,0.00,0.00,5.75,0.00,0,2014,0.00,96132.26,36856.59,-724.33,'2014-08-08 10:16:32','lixue',2,28,17,36934.00,73.63,0.00,0.00,37007.63),(37,60000.00,21257.22,'2014-08-08 09:59:31','lixue',3786.71,59131.60,36855.64,0.00,59265.86,0.00,0.00,0.54,0.00,0.00,6.75,0.00,6,2014,0.00,96121.50,36855.64,734.14,'2014-08-08 10:16:32','lixue',2,28,17,36934.00,55.90,0.00,0.00,36989.90),(38,10000.00,38924.29,'2014-08-08 11:51:26','wangzhen',89720.39,133292.74,12949.78,48000.00,83582.41,3526.01,0.00,6.00,57392.21,0.00,4499.07,0.00,0,2014,0.00,144532.20,60949.78,12224.17,NULL,NULL,0,30,19,11100.00,72.35,98.50,60000.00,11239.46),(39,10000.00,64548.28,'2014-08-08 11:51:26','wangzhen',109644.89,184072.14,732827.74,46700.00,77949.15,3165.78,0.00,6.00,63034.17,0.00,4182.68,0.00,6,2014,0.00,197931.89,119982.74,6590.90,NULL,NULL,0,30,19,13700.00,71.20,126.04,60000.00,13859.75),(40,100000000.00,26547264.99,'2014-08-08 14:55:05','loubingxun',57061497.63,424870437.94,110047240.56,790800000.00,405069974.45,107932048.27,0.00,68890328.00,0.00,0.00,272371347.32,0.00,6,2014,0.00,NULL,900847240.56,37607375.30,NULL,NULL,0,16,8,0.00,307969.65,35230.29,260000000.00,881046777.07),(41,288300000.00,26074733.83,'2014-08-08 15:06:19','wangzhen',475012793.46,1065170804.31,629587900.26,440812500.00,870819533.18,46942218.18,0.00,33366153.86,740000.00,0.00,527561869.16,0.00,0,2014,10200000.00,1941219933.44,1070400400.26,546062461.61,'2014-08-11 10:24:31','wangzhen',1,31,29,864064580.00,11770569.55,213979.58,0.00,876049129.13),(42,288300000.00,42540179.12,'2014-08-08 15:06:19','wangzhen',494175614.50,948067882.42,764327146.98,332000000.00,852640859.82,47652948.78,0.00,35423744.86,490000.00,0.00,373393837.94,0.00,6,2014,0.00,1948968006.80,1096327146.98,527883788.25,'2014-08-11 10:24:31','wangzhen',1,31,29,989113916.00,11507951.60,278256.78,0.00,1000900124.38),(43,13500000.00,22625408.15,'2014-08-11 09:48:45','lixin',1472611.79,251702107.13,122034525.98,183700000.00,97139666.04,9089694.97,0.00,8000000.00,5893662.51,0.00,218098274.77,1123704.24,0,2014,120000000.00,421493288.22,324353622.18,59848312.33,NULL,NULL,0,41,28,0.00,135118492.08,0.00,23500000.00,169791181.09),(44,13500000.00,437302.29,'2014-08-11 09:48:45','lixin',1460409.54,175574781.46,132940510.66,106400000.00,98647075.88,3935378.59,0.00,19725161.41,1096385.91,560000.00,152847795.95,544112.27,6,2014,145000000.00,356606682.74,257959606.86,61355722.17,NULL,NULL,0,41,28,0.00,131568096.64,0.00,23500000.00,181031901.28),(45,65000000.00,73268357.76,'2014-08-11 10:04:12','lixin',0.00,707410160.95,1117931343.93,54685806.40,660108466.92,0.00,0.00,0.00,0.00,0.00,471909309.58,57732493.61,0,2014,1069440000.00,1832725617.25,1172617150.33,343126829.35,'2014-08-11 10:32:52','lixin',3,35,23,735137724.59,1493845.84,0.00,203239834.47,1125315456.30),(46,65000000.00,267489808.81,'2014-08-11 10:04:12','lixin',0.00,2823596211.25,3327553882.50,52760630.08,597776468.04,0.00,0.00,0.00,0.00,0.00,2428356361.76,23250040.68,6,2014,3090040000.00,3978090980.62,3327553882.50,225752830.47,'2014-08-11 10:32:52','lixin',3,35,23,736137724.59,1382405.93,0.00,228281834.47,1154494769.37),(47,150750000.00,28235914.52,'2014-08-11 10:25:32','lixue',8656749.62,565948515.72,101139339.39,507600000.00,411155303.41,250514.57,20000000.00,187808309.14,2310429.46,600000.00,336677105.16,3970437.28,0,2014,55000000.00,1019894642.80,608739339.39,234358500.59,NULL,NULL,0,48,37,20000000.00,402859249.39,31086877.69,6969.42,453946127.10),(48,150750000.00,33015364.99,'2014-08-11 10:25:32','lixue',1007269.75,56091445.46,113963825.80,472200000.00,431044560.66,99403.32,20000000.00,185733331.26,4185355.66,1700000.00,326113552.59,4274926.87,6,2014,55000000.00,1017208386.46,586163825.80,252258832.12,NULL,NULL,0,48,37,20000000.00,405207063.31,31086877.69,6969.42,961116941.00),(49,660000000.00,1687708655.98,'2014-08-11 11:31:07','lixue',580494463.24,4856710100.15,2203530978.76,437807560.00,3721340223.98,146937644.05,1309000000.00,441553156.44,51644057.22,538822871.11,680514914.54,702392796.69,0,2014,719500000.00,6708658073.20,2987317849.22,2117754930.13,NULL,NULL,0,18,11,584532500.00,756219887.39,199005052.26,716533000.00,1851947973.05),(50,660000000.00,2038535022.51,'2014-08-11 11:31:07','lixue',820815407.91,6145604426.77,2955815514.19,777637560.00,3953745584.99,129019590.17,2282000000.00,658082419.41,46162030.29,869580900.17,675484988.37,885384946.25,6,2014,519500000.00,7952026987.86,3998281402.87,2350160291.14,NULL,NULL,0,18,11,584532500.00,722965274.15,199005052.26,716533000.00,1806422561.09),(51,868000000.00,269411060.13,'2014-08-11 11:38:31','lixue',255182036.21,1409896990.53,1313016992.88,550000000.00,2584666779.11,238498694.76,201500000.00,425911078.29,0.00,0.00,106859645.36,345777699.36,0,2014,737900000.00,4655516811.96,2070850032.85,1171875449.65,'2014-08-11 11:38:45','lixue',1,20,11,2064383900.00,737105707.53,236865384.69,503950670.67,3245619821.43),(52,868000000.00,953596989.22,'2014-08-11 11:38:31','lixue',265112870.54,2116354277.52,1416751753.45,1137070000.00,2677641469.46,200154365.25,238500000.00,433658254.23,0.00,0.00,104563235.21,356654936.00,6,2014,856000000.00,5361587059.14,2683945589.68,1264850140.00,'2014-08-11 11:38:45','lixue',1,20,11,2064383900.00,714967524.73,234427686.15,503950670.67,3245232781.62),(53,301800000.00,769154281.11,'2014-08-11 14:15:25','lixue',476804843.74,2999988960.09,1555515368.15,0.00,2082796823.06,64819611.15,1069760000.00,197503853.87,0.00,349993754.57,424797755.78,769189684.64,0,2014,445273200.00,3638312191.21,1555515368.15,1575216675.28,'2014-08-11 14:18:02','lixue',1,19,11,110332500.00,527990731.12,0.00,38797000.00,638323231.12),(54,301800000.00,754910739.01,'2014-08-11 14:15:25','lixue',483802530.29,3044123706.74,1048933212.13,0.00,2229012356.74,67293828.02,958760000.00,290963924.39,0.00,390086437.92,367084696.94,745674999.13,6,2014,407380000.00,3787945568.87,1558933212.13,1721432208.96,'2014-08-11 14:18:02','lixue',1,19,11,110332500.00,633489362.13,0.00,38797000.00,743821862.13),(55,15800.00,877.93,'2014-08-11 15:29:09','loubingxun',59.44,17196.72,32908.83,0.00,10685.18,0.00,0.00,8.54,0.00,0.00,16248.47,61.97,0,2014,13057.00,43594.02,32908.83,-7630.66,'2014-08-11 15:44:44','loubingxun',2,71,47,26171.00,180.97,0.22,35.07,26397.29),(57,15800.00,1595.95,'2014-08-11 15:40:36','loubingxun',2570.75,19847.51,34740.15,0.00,11693.40,0.00,2000.00,95.19,0.00,0.00,15583.26,61.97,6,2014,11558.25,46433.55,34740.15,-4755.99,'2014-08-11 15:44:44','loubingxun',1,71,47,26366.70,185.53,0.00,35.07,26586.04),(58,10000000.00,21988974.43,'2014-08-12 10:37:17','lixue',0.00,233660038.74,9089156.76,0.00,422646720.17,0.00,0.00,79722163.14,3051189.14,0.00,131948901.17,0.00,0,2014,0.00,431735876.93,9089156.76,412646720.17,NULL,NULL,0,79,53,0.00,83999649.05,112004506.85,0.00,198075838.19),(59,10000000.00,36817198.81,'2014-08-12 10:37:17','lixue',0.00,265949952.24,8880202.58,0.00,442602684.87,0.00,0.00,93866583.28,3851160.15,0.00,135266170.15,0.00,6,2014,0.00,451482887.45,8880202.58,432602684.87,NULL,NULL,0,79,53,0.00,77943418.67,106233372.51,0.00,185532935.21),(60,10000000.00,1083879.58,'2014-08-12 11:15:13','lixue',1603194.61,65889864.21,160927764.69,0.00,-17690445.61,0.00,0.00,-4246542.60,0.00,0.00,67449332.62,0.00,0,2014,159600000.00,143237319.08,160927764.69,-27690445.61,NULL,NULL,0,81,56,0.00,968512.42,11000.00,0.00,77347454.87),(61,10000000.00,984558.00,'2014-08-12 11:15:13','lixue',1708347.61,30397658.21,160292308.32,0.00,-33779223.52,0.00,0.00,-991416.53,0.00,0.00,32680369.13,15800.00,6,2014,159600000.00,126513084.80,160292308.32,-43779223.52,NULL,NULL,0,81,56,0.00,993986.33,10358.32,0.00,96115426.59),(62,152730000.00,15878889.80,'2014-08-12 11:29:15','lixue',231090573.38,1794510537.28,1812003717.40,0.00,560513674.06,3864961.64,0.00,101080986.62,953700.00,0.00,1446460087.48,0.00,0,2014,20000000.00,2372517391.46,1812003717.40,395252477.50,NULL,NULL,0,8,56,528382992.00,48533266.41,989341.96,12531196.56,578006854.18),(63,152730000.00,19438085.80,'2014-08-12 11:29:15','lixue',176268071.13,1594237714.85,1735636136.93,0.00,562121048.93,3860661.64,0.00,86688098.31,1303700.00,0.00,1311843459.61,0.00,6,2014,20000000.00,2297757185.86,1735636136.93,396859852.37,NULL,NULL,0,8,56,652821392.00,49682485.72,914339.48,12531196.56,703519471.01),(64,30000000.00,4875326.35,'2014-08-12 14:15:14','lixue',16878125.80,54826833.75,13865135.02,0.00,43382257.11,5453682.48,0.00,4867000.00,4000000.00,0.00,14326855.36,13879526.24,0,2014,0.00,57247392.13,13865135.02,13382257.11,NULL,NULL,0,83,58,0.00,1037158.38,0.00,0.00,2420558.38),(65,30000000.00,6507423.88,'2014-08-12 14:15:14','lixue',13098840.05,62223363.15,21246391.66,0.00,43752981.61,10334458.94,0.00,5005000.00,4000000.00,0.00,16800885.77,20811213.45,6,2014,0.00,64999373.27,21246391.66,13752981.61,NULL,NULL,0,83,58,0.00,1772910.12,0.00,0.00,2776010.12),(66,30000000.00,5759611.95,'2014-08-12 14:35:13','lixue',0.00,5779611.95,12209.99,0.00,29783878.96,0.00,0.00,0.00,0.00,0.00,20000.00,0.00,0,2014,0.00,29796088.95,12209.99,-216121.04,NULL,NULL,0,93,64,24000000.00,16477.00,0.00,0.00,24016477.00),(67,30000000.00,8772447.07,'2014-08-12 14:35:13','lixue',0.00,8828816.39,217543.00,0.00,32642454.23,0.00,0.00,0.00,0.00,0.00,56369.32,0.00,6,2014,0.00,32859997.23,217543.00,2642454.23,NULL,NULL,0,93,64,24000000.00,31180.84,0.00,0.00,24031180.84),(68,570500000.00,631596344.04,'2014-08-12 15:06:32','lixue',1846626570.00,3807553053.71,2870856277.11,526190000.00,2248638501.12,982738647.23,77000000.00,884675002.10,255842101.41,33742000.00,211314621.94,188926880.43,0,2014,410000000.00,5663704680.90,3415066179.78,502918947.90,NULL,NULL,0,23,66,1325493771.29,5663704680.90,79488663.23,1015288473.99,1856151627.19),(69,795500000.00,435926118.39,'2014-08-12 15:06:32','lixue',1546126956.75,3129642682.13,2476746703.56,396910000.00,3780934170.43,519622460.60,110000000.00,796422312.95,357485787.72,34018503.30,143604018.43,173246405.17,6,2014,472500000.00,6662538543.17,2881604372.74,1283902416.20,NULL,NULL,0,23,66,2684374236.60,6662538543.17,401141412.80,1599162981.99,3532895861.04),(70,141750000.00,58513245.09,'2014-08-12 15:12:48','lixue',10545619.11,165300390.61,141394206.95,40000000.00,376061077.44,4266454.34,42150000.00,14173552.39,1809597.51,1200000.00,77247000.33,949338.49,0,2014,81000000.00,557455284.39,181394206.95,1614834.62,'2014-08-12 15:13:02','lixue',1,96,66,0.00,52190373.22,37671996.00,232622609.34,392154893.78),(71,141750000.00,94902247.56,'2014-08-12 15:12:48','lixue',11863119.70,223922186.84,197520603.86,40000000.00,376865285.28,3150595.35,100000000.00,25325177.46,4971267.85,340000.00,91056507.39,136767.59,6,2014,81000000.00,614385889.14,237520603.86,2419042.46,'2014-08-12 15:13:02','lixue',1,96,66,0.00,53762117.58,37671996.00,232622609.34,390463702.30),(72,201980682.37,117502741.51,'2014-08-12 15:28:17','lixue',667062116.96,2009540104.23,1680284428.72,129000000.00,1331389036.85,161079366.64,54450000.00,437167017.77,42920329.76,5830000.00,495762514.26,286215713.73,0,2014,1117930000.00,3577636934.28,1860124461.22,964784354.48,NULL,NULL,0,26,67,374578396.99,745557734.72,97822915.63,63634682.37,1568096830.05),(73,201980682.37,77236052.78,'2014-08-12 15:28:17','lixue',738274.83,1976711036.09,1384369256.72,204000000.00,1406519554.36,79793153.16,79000000.00,432872327.72,40487339.61,2614716.00,431439731.27,293621933.49,6,2014,1155430000.00,3654216307.76,1838423006.72,1039914871.99,NULL,NULL,0,26,67,374578396.99,774628561.33,96978731.67,63634682.37,1677505271.67),(74,110000000.00,341237444.42,'2014-08-12 16:00:03','wangzhen',414479923.10,1459520845.27,1088289727.68,0.00,514242000.16,1360481.43,291232000.00,399507062.76,24259402.63,0.00,33813377.18,270483037.81,0,2014,790000000.00,1602531727.84,1088289727.68,210898333.71,'2014-08-12 16:15:21','wangzhen',1,95,65,0.00,143010882.57,0.00,160000000.00,143010882.57),(75,110000000.00,318373133.13,'2014-08-12 16:00:03','wangzhen',406316309.41,1311165369.36,918226474.81,0.00,531912685.19,5095068.24,280000000.00,307561240.22,11300804.07,0.00,27580609.12,251334077.48,6,2014,620000000.00,1450139160.00,918226474.81,228569018.74,'2014-08-12 16:15:21','wangzhen',1,95,65,0.00,138973790.64,0.00,160000000.00,138973790.64),(76,55000000.00,17943578.77,'2014-08-12 16:04:05','lixue',181423141.03,681059243.71,424092990.75,0.00,523590290.86,91888035.46,34450000.00,280506847.50,39286591.36,0.00,62675776.58,138509899.83,0,2014,202930000.00,947683281.61,424092990.75,378362621.88,NULL,NULL,0,27,67,12000000.00,167875327.14,16772628.54,50000000.00,266624037.90),(77,55000000.00,35274655.76,'2014-08-12 16:04:05','lixue',180473736.34,683820225.09,394369046.10,0.00,550420588.75,91297154.46,54000000.00,267215827.74,39115915.56,0.00,72701691.73,128154313.52,6,2014,162930000.00,949426526.85,394369046.10,405192919.77,NULL,NULL,0,27,67,12000000.00,167050119.16,16578100.38,50000000.00,265606301.76),(78,27900000.00,44832683.47,'2014-08-12 17:00:39','lixue',268268.50,180308402.58,85854616.57,78000000.00,269817395.30,909044.10,7000000.00,102644171.36,0.00,0.00,32563279.25,0.00,0,2014,30000000.00,629172011.87,359354616.57,166607395.30,'2014-08-12 17:05:26','lixue',1,25,68,27000000.00,348281667.03,24019094.00,75310000.00,448863609.29),(79,27900000.00,15033491.02,'2014-08-12 17:00:39','lixue',11000043.50,182825668.06,75182341.06,69000000.00,288846431.20,1336647.04,10000000.00,134218694.61,0.00,0.00,22573438.93,0.00,6,2014,20000000.00,628528772.26,339682341.06,185636431.20,'2014-08-12 17:05:26','lixue',1,25,68,27000000.00,340322482.84,24019094.00,75310000.00,445703104.20),(80,298802607.05,275750932.26,'2014-08-12 17:16:13','wangzhen',566115658.48,1644867180.63,1444744247.00,0.00,1100286387.67,21161289.51,45000000.00,497935528.70,3152734.89,80236087.52,68871859.60,155957114.07,0,2014,1357500000.00,2557651520.96,1457365133.29,365353209.24,'2014-08-12 17:35:43','wangzhen',1,97,69,1500000.00,398991060.19,167688257.36,333141738.13,912784340.33),(81,298802607.05,520792568.63,'2014-08-12 17:16:13','wangzhen',533332414.82,1771030680.24,1386913062.85,360000000.00,1127031132.01,25956703.77,85000000.00,409949500.04,3691617.80,79388135.38,69413371.62,158154689.75,6,2014,1252500000.00,2884368487.15,1757337355.14,392097953.58,'2014-08-12 17:35:43','wangzhen',1,97,69,1500000.00,372306165.71,386284376.17,333141738.13,1113337806.91),(82,30000000.00,4036582.65,'2014-08-12 17:26:03','zhaoyaping',463352642.72,573736521.31,363806143.30,74500000.00,139199867.11,15259351.83,NULL,52631962.05,140062180.81,0.00,51847800.99,1867532.90,0,2014,NULL,577506010.41,438306143.30,109199867.11,'2014-08-12 17:26:10','zhaoyaping',1,82,57,1000000.00,2769489.10,NULL,NULL,2769489.10),(84,30000000.00,2238052.50,'2014-08-12 17:26:10','zhaoyaping',548133914.31,621766362.01,279659358.86,185740000.00,160351246.38,38986375.83,NULL,48293276.66,147381255.65,0.00,21233585.65,1867532.90,6,2014,NULL,625750605.24,465399358.90,130351246.38,NULL,NULL,0,82,57,1000000.00,2984243.23,NULL,NULL,2984243.23),(85,NULL,85.78,'2014-08-12 17:29:03','loubingxun',11141.41,17872.41,NULL,NULL,NULL,NULL,0.00,2425.00,NULL,0.00,300.70,0.00,0,2014,0.00,20985.80,NULL,NULL,NULL,NULL,0,98,70,0.00,269.04,0.00,NULL,NULL),(86,NULL,1973.71,'2014-08-12 17:29:03','loubingxun',19876.77,39574.34,NULL,NULL,NULL,NULL,0.00,3243.25,NULL,0.00,10093.84,0.00,6,2014,20000.00,43374.84,NULL,NULL,NULL,NULL,0,98,70,0.00,257.15,0.00,NULL,NULL);
/*!40000 ALTER TABLE `corp_balancesheet` ENABLE KEYS */;
UNLOCK TABLES;

--
-- Table structure for table `counterparty`
--

DROP TABLE IF EXISTS `counterparty`;
/*!40101 SET @saved_cs_client     = @@character_set_client */;
/*!40101 SET character_set_client = utf8 */;
CREATE TABLE `counterparty` (
  `id` bigint(20) NOT NULL AUTO_INCREMENT,
  `counterpartyType` varchar(255) NOT NULL,
  `name` varchar(255) NOT NULL,
  PRIMARY KEY (`id`)
) ENGINE=InnoDB AUTO_INCREMENT=109 DEFAULT CHARSET=utf8;
/*!40101 SET character_set_client = @saved_cs_client */;

--
-- Dumping data for table `counterparty`
--

LOCK TABLES `counterparty` WRITE;
/*!40000 ALTER TABLE `counterparty` DISABLE KEYS */;
INSERT INTO `counterparty` VALUES (1,'commerce_company','嘉兴蓝光'),(2,'institution','郑州市二七区非税收管理局'),(3,'real_estate_firm','四川蓝光和骏置业有限公司'),(4,'real_estate_firm','张三'),(5,'commerce_company','郑州金水扬金建设投资公司'),(6,'institution','郑州市金水区非税收入征收管理局'),(7,'institution','郑州金水扬金建设投资公司'),(8,'commerce_company','河南省美景集团有限公司'),(9,'commerce_company','世诚裕润（北京）投资有限公司'),(10,'institution','美景集团实际控制人王小兴'),(11,'institution','郑州市二七区非税收入管理局'),(12,'institution','二七区环卫清洁服务总公司'),(13,'commerce_company','天津滨海发展投资控股有限公司'),(14,'commerce_company','广西滨海城市建设发展有限公司'),(15,'commerce_company','开封市兰尉高速公路发展有限公司'),(16,'commerce_company','郑州新发展高新产业园开发有限公司'),(17,'commerce_company','河南海菱实业发展有限公司'),(18,'commerce_company','众泰控股集团有限公司'),(19,'commerce_company','浙江众泰汽车制造有限公司'),(20,'commerce_company','铁牛集团有限公司'),(21,'commerce_company','汝阳杜康酿酒有限公司'),(22,'commerce_company','洛阳杜康控股有限公司'),(23,'commerce_company','河南平原控股集团股份有限公司'),(24,'commerce_company','三棉纺织'),(25,'commerce_company','鹤壁市四季青农产品批发市场'),(26,'commerce_company','河南财鑫集团有限责任公司'),(27,'commerce_company','河南财鑫实业化工有限责任公司'),(28,'commerce_company','河南新高地控股有限公司'),(29,'commerce_company','河南建业足球俱乐部股份有限公司'),(30,'real_estate_firm','河南中联创房地产开发有限公司'),(31,'real_estate_firm','郑州亚新房地产开发有限公司'),(32,'commerce_company','河南红旗煤业有限公司'),(33,'real_estate_firm','成都双流和骏置业有限公司'),(34,'commerce_company','四川蓝光和骏实业股份有限公司'),(35,'commerce_company','上海三盛宏业投资（集团）有限责任公司'),(36,'real_estate_firm','太仓市高成房地产开发有限公司'),(37,'real_estate_firm','江苏高成房地产开发有限公司'),(38,'commerce_company','常熟男人世界市场有限公司'),(39,'commerce_company','常熟国服房地产开发有限公司'),(40,'commerce_company','常熟国际服装服饰城置业有限公司'),(41,'commerce_company','河南中孚热力有限公司'),(42,'commerce_company','巩义市国有资产公司'),(43,'commerce_company','苏州高新区经济发展集团总公司'),(44,'commerce_company','苏州高新区国有资产经营公司'),(45,'commerce_company','濮阳市龙瑞投资建设有限公司'),(46,'commerce_company','濮阳市经济技术开发公司'),(47,'commerce_company','开封和盛实业有限公司'),(48,'commerce_company','河南天方原创食品股份有限公司'),(49,'institution','巩义市非税收入管理局'),(50,'commerce_company','巩义市国有资产投资经营有限公司'),(51,'commerce_company','郑州路桥建设投资集团有限公司'),(52,'commerce_company','河南国宏建设投资控股有限公司'),(53,'commerce_company','郑州郑少高速公路发展有限公司'),(54,'commerce_company','郑州新登企业集团有限公司'),(55,'institution','登封市非税收入管理局'),(56,'commerce_company','登封市建设投资总公司'),(57,'commerce_company','登封电厂集团有限公司'),(58,'institution','栾川县非税收入管理服务中心'),(59,'institution','舞钢市非税收入管理局'),(60,'commerce_company','舞钢市城乡开发建设投资有限公司'),(61,'commerce_company','江苏天禾旅游发展有限公司'),(62,'commerce_company','扬中市城市建设投资发展总公司'),(63,'real_estate_firm','广西滨海城市建设发展有限公司'),(64,'commerce_company','成都成华国资经营投资有限责任公司'),(65,'commerce_company','郑州建中建设开发有限责任公司'),(66,'commerce_company','郑州市永威置业有限公司'),(67,'commerce_company','河南民安房地产开发有限公司'),(68,'commerce_company','嘉兴市联众实业投资有限公司'),(69,'commerce_company','嘉兴市南湖国有资产投资集团有限公司'),(70,'commerce_company','嘉兴市中正置业有限公司'),(71,'commerce_company','河南电力实业集团有限公司'),(72,'commerce_company','济源市济康科技有限公司'),(73,'commerce_company','常州市晋陵投资建设有限公司 '),(74,'commerce_company','常州市城市建设（集团）有限公司'),(75,'commerce_company','常州市排水公司'),(76,'commerce_company','洛阳市新区建设投资有限责任公司'),(77,'commerce_company','洛阳城市发展投资集团有限公司'),(78,'institution','洛阳市涧西区非税收入管理中心'),(79,'commerce_company','洛阳大学科技园发展有限公司    '),(80,'real_estate_firm','上海百瑞资产管理有限公司'),(81,'commerce_company','郑州市纳帕美景农业发展有限责任公司'),(82,'real_estate_firm','河南天地辉煌置业有限公司'),(83,'commerce_company','郑州金宝文化艺术品投资有限公司'),(84,'commerce_company','郑州宏业纺织有限公司'),(85,'commerce_company','郑州翰园置业有限公司  '),(86,'commerce_company','河南依生药业有限公司'),(87,'commerce_company',' 辽宁依生生物制药有限公司    '),(88,'commerce_company','开封依生泛亚科技有限公司 '),(89,'commerce_company','河南青城建设有限公司 '),(90,'commerce_company','河南常绿集团置业有限公司'),(91,'real_estate_firm','河南省建鼎建筑工程有限公司'),(92,'commerce_company','郑州建投绿化工程有限公司 '),(93,'commerce_company','北京富诚宝鼎投资基金管理有限公司'),(94,'real_estate_firm','名门地产（河南）有限公司'),(95,'commerce_company','河南嘉达棉业有限公司'),(96,'commerce_company','郑州三棉纺织有限公司'),(97,'commerce_company','南阳纺织集团有限公司'),(98,'commerce_company','洛阳阳光生态农业有限公司'),(99,'real_estate_firm','洛阳英和房地产开发有限公司'),(100,'commerce_company','河南博客置业有限公司'),(101,'commerce_company','河南东龙控股有限公司'),(102,'real_estate_firm','河南忆通置业发展有限公司'),(103,'commerce_company','河南天丰投资发展有限公司'),(104,'commerce_company','江苏嬉戏族有限公司'),(105,'commerce_company','江苏武进经济发展集团有限公司'),(106,'commerce_company','郑州天地人和物业服务有限公司'),(107,'commerce_company','郑州欣荣物业管理有限公司'),(108,'commerce_company','郑州瑞昊投资管理咨询有限公司');
/*!40000 ALTER TABLE `counterparty` ENABLE KEYS */;
UNLOCK TABLES;

--
-- Table structure for table `credit_information`
--

DROP TABLE IF EXISTS `credit_information`;
/*!40101 SET @saved_cs_client     = @@character_set_client */;
/*!40101 SET character_set_client = utf8 */;
CREATE TABLE `credit_information` (
  `id` bigint(20) NOT NULL AUTO_INCREMENT,
  `balance` varchar(255) DEFAULT NULL,
  `comment` varchar(255) DEFAULT NULL,
  `createTime` datetime DEFAULT NULL,
  `debt` varchar(255) DEFAULT NULL,
  `outstanding` varchar(255) DEFAULT NULL,
  `overdue` char(1) DEFAULT NULL,
  `queryTime` datetime DEFAULT NULL,
  `updateTime` datetime DEFAULT NULL,
  `version` int(11) DEFAULT NULL,
  `counterparty_id` bigint(20) DEFAULT NULL,
  `createUser` bigint(20) DEFAULT NULL,
  `projectInfo_id` bigint(20) DEFAULT NULL,
  `updateUser` bigint(20) DEFAULT NULL,
  PRIMARY KEY (`id`),
  KEY `FKFEAD0E64F74920D` (`createUser`),
  KEY `FKFEAD0E6A7084600` (`projectInfo_id`),
  KEY `FKFEAD0E6D69A98B4` (`counterparty_id`),
  KEY `FKFEAD0E6EC347B5A` (`updateUser`),
  CONSTRAINT `FKFEAD0E64F74920D` FOREIGN KEY (`createUser`) REFERENCES `app_user` (`id`),
  CONSTRAINT `FKFEAD0E6A7084600` FOREIGN KEY (`projectInfo_id`) REFERENCES `project_info` (`id`),
  CONSTRAINT `FKFEAD0E6D69A98B4` FOREIGN KEY (`counterparty_id`) REFERENCES `counterparty` (`id`),
  CONSTRAINT `FKFEAD0E6EC347B5A` FOREIGN KEY (`updateUser`) REFERENCES `app_user` (`id`)
) ENGINE=InnoDB AUTO_INCREMENT=8 DEFAULT CHARSET=utf8;
/*!40101 SET character_set_client = @saved_cs_client */;

--
-- Dumping data for table `credit_information`
--

LOCK TABLES `credit_information` WRITE;
/*!40000 ALTER TABLE `credit_information` DISABLE KEYS */;
INSERT INTO `credit_information` VALUES (1,'6000000','Pass','2014-05-14 06:06:06','1000000000','5000000','Y','2014-07-05 00:00:00','2014-05-14 06:06:06',1,1,-1,1,-1),(2,'7000000','Pass','2014-05-14 06:06:06','1500000000','1060000','Y','2014-07-05 00:00:00','2014-05-14 06:06:06',1,3,-1,1,-1),(3,'6000000','Pass','2014-05-14 06:06:06','1000000000','5000000','Y','2014-07-05 00:00:00','2014-05-14 06:06:06',1,3,-1,2,-1),(4,'50000','无','2014-08-04 15:36:11','0','0','N','2014-05-15 00:00:00','2014-08-04 15:36:11',0,5,-2,4,-2),(5,'-','','2014-08-04 18:16:09','43,100.00','86,247.00','N','2014-05-24 00:00:00','2014-08-04 18:16:09',0,16,16,8,16),(6,'-','','2014-08-08 15:30:58','15100','79080','N','2014-08-05 00:00:00','2014-08-08 15:30:58',0,16,16,8,16),(7,'0','','2014-08-12 17:30:41','12000','16300','N','2014-08-08 00:00:00','2014-08-12 17:30:41',0,82,28,57,28);
/*!40000 ALTER TABLE `credit_information` ENABLE KEYS */;
UNLOCK TABLES;

--
-- Table structure for table `inst_balancesheet`
--

DROP TABLE IF EXISTS `inst_balancesheet`;
/*!40101 SET @saved_cs_client     = @@character_set_client */;
/*!40101 SET character_set_client = utf8 */;
CREATE TABLE `inst_balancesheet` (
  `id` bigint(20) NOT NULL AUTO_INCREMENT,
  `assetGroupTotal` decimal(19,2) DEFAULT NULL,
  `assetTotal` decimal(19,2) DEFAULT NULL,
  `createTime` datetime DEFAULT NULL,
  `createUser` varchar(255) DEFAULT NULL,
  `debtGroupTotal` decimal(19,2) DEFAULT NULL,
  `debtTotal` decimal(19,2) DEFAULT NULL,
  `expenseTotal` decimal(19,2) DEFAULT NULL,
  `incomeTotal` decimal(19,2) DEFAULT NULL,
  `netAssetTotal` decimal(19,2) DEFAULT NULL,
  `reportMonth` smallint(6) DEFAULT NULL,
  `reportYear` int(11) DEFAULT NULL,
  `updateTime` datetime DEFAULT NULL,
  `updateUser` varchar(255) DEFAULT NULL,
  `version` int(11) DEFAULT NULL,
  `counterparty_id` bigint(20) DEFAULT NULL,
  `projectInfo_id` bigint(20) DEFAULT NULL,
  PRIMARY KEY (`id`),
  KEY `FK9F44BD5CA7084600` (`projectInfo_id`),
  KEY `FK9F44BD5CD69A98B4` (`counterparty_id`),
  CONSTRAINT `FK9F44BD5CA7084600` FOREIGN KEY (`projectInfo_id`) REFERENCES `project_info` (`id`),
  CONSTRAINT `FK9F44BD5CD69A98B4` FOREIGN KEY (`counterparty_id`) REFERENCES `counterparty` (`id`)
) ENGINE=InnoDB AUTO_INCREMENT=17 DEFAULT CHARSET=utf8;
/*!40101 SET character_set_client = @saved_cs_client */;

--
-- Dumping data for table `inst_balancesheet`
--

LOCK TABLES `inst_balancesheet` WRITE;
/*!40000 ALTER TABLE `inst_balancesheet` DISABLE KEYS */;
INSERT INTO `inst_balancesheet` VALUES (1,100000.00,200000.00,'2014-06-11 06:06:06','-1',400000.00,500000.00,300000.00,700000.00,600000.00,0,2014,'2014-06-11 06:06:06','-1',1,2,1),(2,1000001.00,2000002.00,'2014-06-11 06:06:06','-1',4000004.00,5000005.00,3000003.00,7000007.00,6000006.00,6,2014,'2014-06-11 06:06:06','-1',1,2,1),(3,1500001.00,2500002.00,'2014-06-11 06:06:06','-1',4500004.00,5500005.00,3500003.00,7500007.00,6500006.00,7,2014,'2014-06-11 06:06:06','-1',1,2,1),(4,NULL,NULL,'2014-08-04 15:27:52','admin',NULL,NULL,NULL,NULL,NULL,0,2013,NULL,NULL,0,6,4),(5,72238.00,72238.00,'2014-08-04 15:27:52','admin',72238.00,71191.00,0.00,0.00,1047.00,12,2013,NULL,NULL,0,6,4),(6,NULL,NULL,'2014-08-04 15:29:00','admin',NULL,NULL,NULL,NULL,NULL,0,2014,NULL,NULL,0,6,4),(7,60281.00,60281.00,'2014-08-04 15:29:00','admin',60281.00,59234.00,0.00,0.00,1047.00,3,2014,NULL,NULL,0,6,4),(8,NULL,NULL,'2014-08-04 16:42:49','admin',NULL,NULL,NULL,NULL,NULL,0,2014,NULL,NULL,0,12,5),(9,123.00,123.00,'2014-08-04 16:42:49','admin',123.00,123.00,0.00,0.00,123.00,3,2014,NULL,NULL,0,12,5),(10,NULL,NULL,'2014-08-04 16:43:46','admin',NULL,NULL,NULL,NULL,NULL,0,2014,'2014-08-04 16:43:57','admin',1,11,5),(12,456.00,456.00,'2014-08-04 16:43:57','admin',789.00,789.00,0.00,0.00,789.00,3,2014,NULL,NULL,0,11,5),(13,46022.00,46022.00,'2014-08-11 14:37:28','lixue',46022.00,45990.00,0.00,0.00,32.00,0,2014,NULL,NULL,0,58,40),(14,48926.00,48876.00,'2014-08-11 14:37:28','lixue',48926.00,48894.00,50.00,0.00,32.00,8,2014,NULL,NULL,0,58,40),(15,109113.98,109113.98,'2014-08-12 10:33:12','lixue',109113.98,106152.39,0.00,0.00,2961.59,0,2014,NULL,NULL,0,78,53),(16,129379.74,116427.59,'2014-08-12 10:33:12','lixue',129379.74,106388.68,12952.14,22030.64,960.42,6,2014,NULL,NULL,0,78,53);
/*!40000 ALTER TABLE `inst_balancesheet` ENABLE KEYS */;
UNLOCK TABLES;

--
-- Table structure for table `investment_project`
--

DROP TABLE IF EXISTS `investment_project`;
/*!40101 SET @saved_cs_client     = @@character_set_client */;
/*!40101 SET character_set_client = utf8 */;
CREATE TABLE `investment_project` (
  `id` bigint(20) NOT NULL AUTO_INCREMENT,
  `comments` varchar(255) DEFAULT NULL,
  `createTime` datetime DEFAULT NULL,
  `createUser` varchar(255) DEFAULT NULL,
  `project_delayed` char(1) DEFAULT NULL,
  `description` varchar(255) DEFAULT NULL,
  `endTime` datetime DEFAULT NULL,
  `evaluation` varchar(255) DEFAULT NULL,
  `investmentAmount` decimal(19,2) DEFAULT NULL,
  `investmentProjectType` varchar(255) DEFAULT NULL,
  `policyChanges` varchar(255) DEFAULT NULL,
  `priceChanges` varchar(255) DEFAULT NULL,
  `projectEndTime` datetime DEFAULT NULL,
  `startTime` datetime DEFAULT NULL,
  `totalAmount` decimal(19,2) DEFAULT NULL,
  `updateTime` datetime DEFAULT NULL,
  `updateUser` varchar(255) DEFAULT NULL,
  `version` int(11) DEFAULT NULL,
  `investment_status_id` bigint(20) DEFAULT NULL,
  PRIMARY KEY (`id`),
  KEY `FKE52FA1AD1AD394FB` (`investment_status_id`),
  CONSTRAINT `FKE52FA1AD1AD394FB` FOREIGN KEY (`investment_status_id`) REFERENCES `investment_status` (`id`)
) ENGINE=InnoDB AUTO_INCREMENT=8 DEFAULT CHARSET=utf8;
/*!40101 SET character_set_client = @saved_cs_client */;

--
-- Dumping data for table `investment_project`
--

LOCK TABLES `investment_project` WRITE;
/*!40000 ALTER TABLE `investment_project` DISABLE KEYS */;
INSERT INTO `investment_project` VALUES (1,'测试数据','2014-06-11 06:06:06','admin','N','测试数据描述','2014-07-08 00:00:00','',50000000000.00,'real_estate','','','2014-07-08 00:00:00','2012-07-01 00:00:00',120000000000.00,'2014-06-11 06:06:06','admin',0,1),(2,'无','2014-08-04 00:00:00','admin','N','截至2014年3月底，金城大道快车道累计完成1260米，完成百分比约为70%；慢车道累计完成1020米，完成百分比约为7','2015-08-27 00:00:00',NULL,120000.00,'infrastructure',NULL,NULL,'2014-03-31 00:00:00','2012-03-01 00:00:00',210000.00,'2014-08-05 09:45:46','admin',1,3),(3,'无','2014-08-04 15:43:16','admin','N','1#主体已封顶，二次结构砌筑至二十层。2#楼主体至19层，施工电梯开始安装。3#、4#楼外墙涂料完成，水电安装完成，电梯','2015-12-31 00:00:00',NULL,18000.00,'real_estate',NULL,NULL,'2014-03-31 00:00:00','2012-12-01 00:00:00',30000.00,NULL,NULL,0,4),(4,'无','2014-08-08 14:33:22','wangzhen','N','项目已竣工验收，并于14年5月29日成功开业，目前正在办理质量监督报告、新增商业专用配电力验收和后期的维修结算工作。','2014-12-31 00:00:00',NULL,NULL,'real_estate',NULL,NULL,'2014-12-31 00:00:00','2010-12-23 00:00:00',51884.73,NULL,NULL,0,15),(5,'无','2014-08-11 10:33:14','wangzhen','N','项目已于2013年12月交付使用','2013-12-31 00:00:00',NULL,62720.00,'real_estate',NULL,NULL,'2013-12-01 00:00:00','2011-01-10 00:00:00',62290.00,NULL,NULL,0,23),(6,'','2014-08-12 10:39:20','lixue',NULL,'目前快车道施工已经完成，正在进行慢车道施工工作，已经完成10%。',NULL,NULL,NULL,'infrastructure',NULL,NULL,'2014-06-30 00:00:00',NULL,NULL,NULL,NULL,0,43),(7,'','2014-08-12 10:54:26','lixue',NULL,'桥梁主体结构已完工，正在进行桥梁栏杆和护坡施工。',NULL,NULL,NULL,'infrastructure',NULL,NULL,'2014-06-30 00:00:00',NULL,NULL,NULL,NULL,0,44);
/*!40000 ALTER TABLE `investment_project` ENABLE KEYS */;
UNLOCK TABLES;

--
-- Table structure for table `investment_status`
--

DROP TABLE IF EXISTS `investment_status`;
/*!40101 SET @saved_cs_client     = @@character_set_client */;
/*!40101 SET character_set_client = utf8 */;
CREATE TABLE `investment_status` (
  `id` bigint(20) NOT NULL AUTO_INCREMENT,
  `projectName` varchar(255) NOT NULL,
  `projectType` varchar(255) NOT NULL,
  PRIMARY KEY (`id`)
) ENGINE=InnoDB AUTO_INCREMENT=62 DEFAULT CHARSET=utf8;
/*!40101 SET character_set_client = @saved_cs_client */;

--
-- Dumping data for table `investment_status`
--

LOCK TABLES `investment_status` WRITE;
/*!40000 ALTER TABLE `investment_status` DISABLE KEYS */;
INSERT INTO `investment_status` VALUES (1,'名仕家园一期','real_estate'),(2,'名仕家园一期','repayment_project'),(3,'杨金产业园区内的道路','infrastructure'),(4,'川硐教育园区保障房项目——墨香苑','real_estate'),(5,'川硐教育园区保障房项目——墨香苑','repayment_project'),(6,'美景集团股权收益权项目','supplemental_liquidity'),(7,'扬帆大道南延长线工程建设','infrastructure'),(8,'莫鑫苑','real_estate'),(9,'莫鑫苑','repayment_project'),(10,'众泰汽车股权收益权','repayment_project'),(11,'酒类收益权投资基金-酒祖杜康12区窖藏酒','repayment_project'),(12,'泰阳纺织股权收益权','repayment_project'),(13,'鹤壁四季青','supplemental_liquidity'),(14,'财鑫集团','supplemental_liquidity'),(15,'橄榄城·都市广场（商业）','real_estate'),(16,'橄榄城·都市广场（商业）','repayment_project'),(17,'流资贷款','supplemental_liquidity'),(18,'蓝光空港总部基地一期','real_estate'),(19,'蓝光空港总部基地一期','repayment_project'),(20,'高成.上海假日”三期部分项目（39#-48#楼及地下车库与人防工程','real_estate'),(21,'沙市岳麓区达美D6区项目三期','real_estate'),(22,'巩义市集中供热管网工程','infrastructure'),(23,'亚新•橄榄城3期','real_estate'),(24,'亚新•橄榄城3期','repayment_project'),(25,'苏州西部生态城（东渚片）城乡一体化一期','infrastructure'),(26,'濮阳市新区引黄灌溉调节水库工程','infrastructure'),(27,'科技大厦二期','real_estate'),(28,'郑汴区域发展信托基金1期','supplemental_liquidity'),(29,'开封新区发展信托基金第1期','supplemental_liquidity'),(30,'驻马店产业聚集区农业食品项目','supplemental_liquidity'),(31,'中原西路延荥阳周古寺至巩义东环路段快速通道新建工程的建设','infrastructure'),(32,'郑少高速公路郑州市区航海路连接线','infrastructure'),(33,'登封市三馆建设工程','supplemental_liquidity'),(34,'登封产业集聚区基础设施建设','supplemental_liquidity'),(35,'栾川基础设施','supplemental_liquidity'),(36,'舞钢市行政新区路网及绿地建设','infrastructure'),(37,'广西钦州市扬帆大道南延长线工程建设','infrastructure'),(38,'江苏省第八届园艺博览会园区项目的建设','infrastructure'),(39,'济源富士康','supplemental_liquidity'),(40,'酒类收益权投资基金-酒祖杜康12区窖藏酒','supplemental_liquidity'),(41,'龙城文化城基础设施','supplemental_liquidity'),(42,'洛阳新区开拓大道跨伊河大桥工程','infrastructure'),(43,'洛阳产业集聚区基础设施建设','infrastructure'),(44,'洛阳新区高铁大道跨伊河大桥工程','infrastructure'),(45,'上海百瑞','supplemental_liquidity'),(46,'纳帕美景农业','supplemental_liquidity'),(47,'郑州金宝','supplemental_liquidity'),(48,'宏业纺织','supplemental_liquidity'),(49,'浦银精选一期','supplemental_liquidity'),(50,'河南青城','supplemental_liquidity'),(51,'浦银精选三期','supplemental_liquidity'),(52,'北京富诚宝鼎投资基金管理有限公司','repayment_project'),(53,'泰阳纺织股权收益权','supplemental_liquidity'),(54,'鹤壁四季青二期','supplemental_liquidity'),(55,'洛阳阳光生态农业示范园','real_estate'),(56,'洛阳阳光生态农业示范园','infrastructure'),(57,'洛阳阳光生态农业示范园','repayment_project'),(58,'郑东新区发展信托基金1期 ','supplemental_liquidity'),(59,'新乡市针织厂棚户区改造工程项目','real_estate'),(60,'新乡市针织厂棚户区改造工程项目','repayment_project'),(61,'“环球动漫嬉戏谷”项目','repayment_project');
/*!40000 ALTER TABLE `investment_status` ENABLE KEYS */;
UNLOCK TABLES;

--
-- Table structure for table `land`
--

DROP TABLE IF EXISTS `land`;
/*!40101 SET @saved_cs_client     = @@character_set_client */;
/*!40101 SET character_set_client = utf8 */;
CREATE TABLE `land` (
  `id` bigint(20) NOT NULL AUTO_INCREMENT,
  `createTime` datetime DEFAULT NULL,
  `createUser` varchar(255) DEFAULT NULL,
  `landAttribute` varchar(255) DEFAULT NULL,
  `owner` varchar(255) DEFAULT NULL,
  `price` decimal(19,2) DEFAULT NULL,
  `size` double DEFAULT NULL,
  `sourceMethod` varchar(255) DEFAULT NULL,
  `updateTime` datetime DEFAULT NULL,
  `updateUser` varchar(255) DEFAULT NULL,
  `version` int(11) DEFAULT NULL,
  `yearsLimit` int(11) DEFAULT NULL,
  `collateral_id` bigint(20) DEFAULT NULL,
  PRIMARY KEY (`id`),
  KEY `FK3291EB3E1944B7` (`collateral_id`),
  CONSTRAINT `FK3291EB3E1944B7` FOREIGN KEY (`collateral_id`) REFERENCES `collateral_detail` (`id`)
) ENGINE=InnoDB DEFAULT CHARSET=utf8;
/*!40101 SET character_set_client = @saved_cs_client */;

--
-- Dumping data for table `land`
--

LOCK TABLES `land` WRITE;
/*!40000 ALTER TABLE `land` DISABLE KEYS */;
/*!40000 ALTER TABLE `land` ENABLE KEYS */;
UNLOCK TABLES;

--
-- Table structure for table `manager`
--

DROP TABLE IF EXISTS `manager`;
/*!40101 SET @saved_cs_client     = @@character_set_client */;
/*!40101 SET character_set_client = utf8 */;
CREATE TABLE `manager` (
  `id` bigint(20) NOT NULL AUTO_INCREMENT,
  `employeeId` varchar(255) DEFAULT NULL,
  `managerType` varchar(255) DEFAULT NULL,
  `name` varchar(255) DEFAULT NULL,
  PRIMARY KEY (`id`)
) ENGINE=InnoDB AUTO_INCREMENT=83 DEFAULT CHARSET=utf8;
/*!40101 SET character_set_client = @saved_cs_client */;

--
-- Dumping data for table `manager`
--

LOCK TABLES `manager` WRITE;
/*!40000 ALTER TABLE `manager` DISABLE KEYS */;
INSERT INTO `manager` VALUES (2,NULL,'risk_manager','李小莉'),(3,NULL,'risk_manager','张亚宁'),(4,NULL,'risk_manager','谭孝权'),(5,NULL,'risk_manager','刘云珊'),(6,NULL,'risk_manager','郝然'),(7,NULL,'risk_manager','史延航'),(8,NULL,'risk_manager','陈飞'),(9,NULL,'risk_manager','宋天乙'),(10,NULL,'risk_manager','王必领'),(11,NULL,'risk_manager','宰娟娟'),(12,NULL,'delegate_manager','刘静怡'),(13,NULL,'delegate_manager','陈思慧'),(14,NULL,'delegate_manager','李坤'),(15,NULL,'delegate_manager','唐丽媛'),(16,NULL,'delegate_manager','宋楠'),(17,NULL,'delegate_manager','赵雅萍'),(18,NULL,'delegate_manager','乔淑敏'),(19,NULL,'delegate_manager','赵素芬'),(20,NULL,'delegate_manager','刘卉'),(21,NULL,'delegate_manager','胡斌'),(22,NULL,'trust_manager',' 宋岩'),(23,NULL,'trust_manager','赵耀'),(24,NULL,'trust_manager','孙雪蕾'),(25,NULL,'trust_manager','张宁'),(26,NULL,'trust_manager','吴文彬'),(27,NULL,'trust_manager','潘醌'),(28,NULL,'trust_manager','席保京'),(29,NULL,'trust_manager','范龚'),(30,NULL,'trust_manager','白亚松'),(31,NULL,'trust_manager','王瑞晓'),(32,NULL,'trust_manager','王瑞晓'),(33,NULL,'trust_manager','翟晓铭'),(34,NULL,'trust_manager','李二东'),(35,NULL,'trust_manager','郭晓茹'),(36,NULL,'trust_manager','史倩颖'),(37,NULL,'trust_manager','宋婷婷'),(38,NULL,'trust_manager','李强'),(39,NULL,'trust_manager','苏欣'),(40,NULL,'trust_manager','潘正'),(41,NULL,'trust_manager','汪要文'),(42,NULL,'trust_manager','黄彪'),(43,NULL,'trust_manager','王晓明'),(44,NULL,'trust_manager','赵 斐'),(45,NULL,'trust_manager','张伟'),(46,NULL,'trust_manager','赛攀'),(47,NULL,'trust_manager','薛杉'),(48,NULL,'trust_manager','张羽'),(49,NULL,'trust_manager','胡安亚'),(50,NULL,'trust_manager','刘川'),(51,NULL,'trust_manager','杨绪强'),(52,NULL,'trust_manager','夏芳'),(53,NULL,'trust_manager','王静涵'),(54,NULL,'trust_manager','苏雪'),(55,NULL,'trust_manager','行成生'),(56,NULL,'trust_manager','沈振君'),(57,NULL,'trust_manager','郑 潽'),(58,NULL,'trust_manager','杨文辉'),(59,NULL,'trust_manager','方民航'),(60,NULL,'trust_manager','王沛'),(61,NULL,'trust_manager','姚楠'),(62,NULL,'trust_manager','杨金龙'),(63,NULL,'trust_manager','李昕'),(64,NULL,'trust_manager','邓训文'),(65,NULL,'trust_manager','高峰'),(66,NULL,'trust_manager','付静雯'),(67,NULL,'trust_manager','张连志'),(68,NULL,'trust_manager','叶克鹏'),(69,NULL,'trust_manager','李磊'),(70,NULL,'trust_manager','冯华'),(71,NULL,'trust_manager','李果'),(72,NULL,'trust_manager','孙东旭'),(73,NULL,'trust_manager','赵志洁'),(74,NULL,'trust_manager','姜照阳'),(75,NULL,'trust_manager','肖冬华'),(76,NULL,'trust_manager','田新卉'),(77,NULL,'trust_manager','宋中原'),(78,NULL,'trust_manager','陆茜'),(79,NULL,'trust_manager','张海平'),(80,NULL,'trust_manager','肖静'),(81,NULL,'trust_manager','籍仁孝'),(82,NULL,'trust_manager','谢庆涛');
/*!40000 ALTER TABLE `manager` ENABLE KEYS */;
UNLOCK TABLES;

--
-- Table structure for table `profit_statement`
--

DROP TABLE IF EXISTS `profit_statement`;
/*!40101 SET @saved_cs_client     = @@character_set_client */;
/*!40101 SET character_set_client = utf8 */;
CREATE TABLE `profit_statement` (
  `id` bigint(20) NOT NULL AUTO_INCREMENT,
  `createTime` datetime DEFAULT NULL,
  `createUser` varchar(255) DEFAULT NULL,
  `interestCost` decimal(19,2) DEFAULT NULL,
  `netProfit` decimal(19,2) DEFAULT NULL,
  `operatingCost` decimal(19,2) DEFAULT NULL,
  `operatingIncome` decimal(19,2) DEFAULT NULL,
  `operatingProfit` decimal(19,2) DEFAULT NULL,
  `operatingTax` decimal(19,2) DEFAULT NULL,
  `reportMonth` smallint(6) DEFAULT NULL,
  `reportYear` int(11) DEFAULT NULL,
  `updateTime` datetime DEFAULT NULL,
  `updateUser` varchar(255) DEFAULT NULL,
  `version` int(11) DEFAULT NULL,
  `counterparty_id` bigint(20) DEFAULT NULL,
  `projectInfo_id` bigint(20) DEFAULT NULL,
  PRIMARY KEY (`id`),
  KEY `FK755B5D34A7084600` (`projectInfo_id`),
  KEY `FK755B5D34D69A98B4` (`counterparty_id`),
  CONSTRAINT `FK755B5D34A7084600` FOREIGN KEY (`projectInfo_id`) REFERENCES `project_info` (`id`),
  CONSTRAINT `FK755B5D34D69A98B4` FOREIGN KEY (`counterparty_id`) REFERENCES `counterparty` (`id`)
) ENGINE=InnoDB AUTO_INCREMENT=45 DEFAULT CHARSET=utf8;
/*!40101 SET character_set_client = @saved_cs_client */;

--
-- Dumping data for table `profit_statement`
--

LOCK TABLES `profit_statement` WRITE;
/*!40000 ALTER TABLE `profit_statement` DISABLE KEYS */;
INSERT INTO `profit_statement` VALUES (1,'2014-06-11 06:06:06','-1',4000004.00,6000006.00,2000002.00,1000001.00,3000003.00,5000005.00,6,2014,'2014-06-11 06:06:06','-1',1,1,1),(2,'2014-06-11 06:06:06','-1',4020004.00,6100006.00,2054002.00,1600001.00,3030003.00,5100005.00,7,2014,'2014-06-11 06:06:06','-1',1,1,1),(3,'2014-08-04 15:34:44','admin',NULL,-375.58,NULL,0.00,-339.41,NULL,12,2013,NULL,NULL,0,5,4),(4,'2014-08-04 15:35:18','admin',NULL,10.58,NULL,84.02,11.05,NULL,3,2014,NULL,NULL,0,5,4),(5,'2014-08-04 16:47:28','lixue',1628189.31,1607374.87,0.00,24730.00,-12787934.68,0.00,6,2014,NULL,NULL,0,8,6),(6,'2014-08-04 16:57:17','lixue',-14526.88,-1093130.48,0.00,34867.00,-2447952.73,0.00,3,2014,NULL,NULL,0,8,6),(7,'2014-08-04 16:59:03','lixin',-1116540.68,-3446220.19,0.00,0.00,-3445368.77,0.00,6,2014,NULL,NULL,0,14,7),(8,'2014-08-04 17:07:53','lixin',-586485.55,-2597162.68,0.00,0.00,-2596311.26,0.00,3,2014,NULL,NULL,0,14,7),(9,'2014-08-04 17:09:25','lixue',5858734.43,260172401.24,10506901.75,30183776.17,274668911.70,4255747.50,12,2013,NULL,NULL,0,8,6),(10,'2014-08-04 17:18:07','lixue',53148965.41,-57885325.32,0.00,0.00,-57885325.32,0.00,12,2013,NULL,NULL,0,9,6),(11,'2014-08-04 17:23:31','lixue',1021.40,-395961.24,0.00,0.00,-395961.24,0.00,2,2014,NULL,NULL,0,9,6),(12,'2014-08-04 17:27:37','lixin',91708573.82,-46713522.20,1751439.20,2052500.00,-46692322.20,0.00,3,2014,'2014-08-04 18:14:56','lixin',1,13,7),(13,'2014-08-04 17:49:40','loubingxun',1761.37,-309.25,1592.43,3518.93,-309.25,0.00,3,2014,'2014-08-08 15:13:52','loubingxun',2,16,8),(14,'2014-08-04 18:13:58','loubingxun',15162837.38,-10978417.17,5552038.17,11708428.00,-10978417.17,0.00,12,2013,NULL,NULL,0,16,8),(15,'2014-08-04 18:17:06','wangzhen',82493573.05,6027289.34,18142462.60,129330596.35,4531686.10,1542429.78,6,2014,NULL,NULL,0,15,9),(16,'2014-08-05 09:39:49','lixin',136227216.40,-114418392.75,4714240.25,3372500.00,-114397192.75,0.00,6,2014,'2014-08-05 09:40:30','lixin',1,13,7),(17,'2014-08-08 10:18:20','lixue',-224.56,-9.80,0.00,0.00,-4.74,5.07,6,2014,'2014-08-08 10:19:02','lixue',1,28,17),(18,'2014-08-08 14:18:34','wangzhen',3158.65,-5633.27,0.00,0.00,-5611.18,10.46,6,2014,NULL,NULL,0,30,19),(19,'2014-08-08 14:56:48','loubingxun',3398.19,-696.60,3258.04,7018.66,-588.12,108.48,6,2014,'2014-08-08 15:25:29','loubingxun',1,16,8),(20,'2014-08-11 09:52:12','lixin',2115717.70,1507409.85,68926671.75,75028624.28,2009879.80,502469.95,6,2014,NULL,NULL,0,41,28),(21,'2014-08-11 10:26:29','lixue',2292635.48,19889257.25,125412865.03,201258008.08,26519009.67,6629752.42,6,2014,NULL,NULL,0,48,37),(22,'2014-08-11 10:29:05','wangzhen',36081380.58,-18178673.36,62517221.25,83356295.00,-18366267.63,518358.02,6,2014,NULL,NULL,0,31,29),(23,'2014-08-11 10:34:57','lixin',77141508.00,-87373998.88,0.00,5284695.32,-87454119.21,0.00,6,2014,NULL,NULL,0,35,23),(24,'2014-08-11 11:32:06','lixue',57749040.82,232405361.01,3454633157.05,3971843607.39,277389915.39,41012710.78,6,2014,NULL,NULL,0,18,11),(25,'2014-08-11 11:39:49','lixue',49672230.48,92974690.35,1043919424.15,1281476134.98,125255729.93,30991563.45,6,2014,NULL,NULL,0,20,11),(26,'2014-08-11 14:18:56','lixue',18054771.85,146215533.68,2230752783.86,2470379605.62,174488654.51,25802741.23,6,2014,NULL,NULL,0,19,11),(27,'2014-08-11 17:00:38','loubingxun',283.38,2447.17,0.00,8.52,1995.96,0.00,6,2014,NULL,NULL,0,71,47),(28,'2014-08-12 10:38:06','lixue',40191.18,19955964.70,69550819.37,130556800.58,23219884.72,3263920.01,6,2014,NULL,NULL,0,79,53),(29,'2014-08-12 11:15:58','lixue',12314095.40,-16611254.81,0.00,47167.00,-16611254.81,0.00,6,2014,NULL,NULL,0,81,56),(31,'2014-08-12 11:30:22','lixue',1628189.31,1607374.87,0.00,24730.00,-12787934.68,0.00,6,2014,NULL,NULL,0,8,56),(32,'2014-08-12 14:16:05','lixue',19281.18,1639283.77,8881910.75,12463105.34,2185711.70,546427.93,6,2014,NULL,NULL,0,83,58),(33,'2014-08-12 14:36:06','lixue',-12801.43,2858575.27,0.00,3224377.02,3363768.53,505193.26,6,2014,NULL,NULL,0,93,64),(34,'2014-08-12 14:36:15','lixue',-12801.43,2858575.27,0.00,3224377.02,3363768.53,505193.26,6,2014,NULL,NULL,0,93,64),(35,'2014-08-12 15:07:27','lixue',26828270.87,166427799.27,434681091.16,741677626.95,186404542.30,16309655.14,6,2014,NULL,NULL,0,23,66),(36,'2014-08-12 15:14:31','lixue',65632.13,804207.84,120785002.48,135655125.46,2085968.81,0.00,6,2014,NULL,NULL,0,96,66),(37,'2014-08-12 15:29:08','lixue',34739521.14,98280827.98,1211218014.43,1405900210.06,124094795.15,32760276.05,6,2014,NULL,NULL,0,26,67),(38,'2014-08-12 16:04:55','lixue',8412044.22,31472763.75,335753706.04,390397880.31,41913597.42,41963685.01,6,2014,NULL,NULL,0,27,67),(39,'2014-08-12 16:04:58','lixue',8412044.22,31472763.75,335753706.04,390397880.31,41913597.42,41963685.01,6,2014,NULL,NULL,0,27,67),(40,'2014-08-12 16:52:48','wangzhen',31748942.57,17670685.03,584417275.89,643633155.29,19599592.12,1928955.69,6,2014,NULL,NULL,0,95,65),(41,'2014-08-12 17:06:18','lixue',11205615.19,19029035.90,23175750.21,51718716.17,19512023.59,0.04,6,2014,NULL,NULL,0,25,68),(42,'2014-08-12 17:28:19','zhaoyaping',375431.50,633292.96,1536128.46,3505176.55,1523998.69,211097.65,6,2014,NULL,NULL,0,82,57),(43,'2014-08-12 17:31:40','loubingxun',504.19,2638.72,4994.15,7847.58,2328.84,0.00,6,2014,NULL,NULL,0,98,70),(44,'2014-08-12 17:39:25','wangzhen',27978866.09,26744744.34,718967471.68,815120049.68,36691479.94,8914914.79,6,2014,NULL,NULL,0,97,69);
/*!40000 ALTER TABLE `profit_statement` ENABLE KEYS */;
UNLOCK TABLES;

--
-- Table structure for table `project_info`
--

DROP TABLE IF EXISTS `project_info`;
/*!40101 SET @saved_cs_client     = @@character_set_client */;
/*!40101 SET character_set_client = utf8 */;
CREATE TABLE `project_info` (
  `id` bigint(20) NOT NULL AUTO_INCREMENT,
  `createTime` datetime DEFAULT NULL,
  `createUser` varchar(255) DEFAULT NULL,
  `delegateManager` varchar(255) DEFAULT NULL,
  `expectedReturn` varchar(255) DEFAULT NULL,
  `fundUsage` varchar(255) DEFAULT NULL,
  `guaranteeMode` longtext,
  `project_name` varchar(50) DEFAULT NULL,
  `projectType` varchar(255) DEFAULT NULL,
  `riskManager` varchar(255) DEFAULT NULL,
  `trustManager` varchar(255) DEFAULT NULL,
  `updateTime` datetime DEFAULT NULL,
  `updateUser` varchar(255) DEFAULT NULL,
  `version` int(11) DEFAULT NULL,
  `projectInfoStatus_id` bigint(20) DEFAULT NULL,
  PRIMARY KEY (`id`),
  KEY `FK37FBDA1435A0860` (`projectInfoStatus_id`),
  CONSTRAINT `FK37FBDA1435A0860` FOREIGN KEY (`projectInfoStatus_id`) REFERENCES `project_info_status` (`id`)
) ENGINE=InnoDB AUTO_INCREMENT=77 DEFAULT CHARSET=utf8;
/*!40101 SET character_set_client = @saved_cs_client */;

--
-- Dumping data for table `project_info`
--

LOCK TABLES `project_info` WRITE;
/*!40000 ALTER TABLE `project_info` DISABLE KEYS */;
INSERT INTO `project_info` VALUES (1,'2014-04-14 06:06:06','user','刘卉','投资商业地产','投资商业地产','由某某企业做担保','宝盈238','transaction_management','宋天乙','胡安亚','2014-08-04 15:13:15','admin',3,1),(2,'2014-05-14 06:06:06','admin','王小明','18','投资光伏发电','由某某区政府做担保','富诚39','non_transaction_management','李亮','张倩','2014-05-14 06:06:06','admin',1,2),(3,'2014-07-30 18:39:27','admin','',NULL,'','','富诚39','non_transaction_management','','','2014-07-31 14:28:16','admin',5,3),(4,'2014-08-04 15:17:42','admin','唐丽媛','8.8%/年','信托资金以贷款方式贷放给郑州市金水区非税收入征收管理局，由其用于杨金产业园区内的道路等基础设施建设。','河南省金水投资管理有限公司提供连带责任保证。','百瑞富诚88号集合资金信托计划（杨金产业园区基础设施建设）','non_transaction_management','陈飞','张宁','2014-08-04 15:47:55','admin',9,4),(5,'2014-08-04 16:21:13','admin','唐丽媛','9.5%/年','信托计划成立后，受托人按照委托人意愿，将信托计划本金以贷款形式发放给济源市济康科技有限公司（以下简称借款人或济康科技），由其用于富士康济源虎岭工业园项目的建设。','河南省济源市建设投资公司自愿将其合法持有的华能沁北发电有限责任公司5%的股权（对应出资额为人民币4,050万元）提供质押担保。','百瑞富诚89号集合资金信托计划（济源富士康）','non_transaction_management','李小莉','胡安亚','2014-08-04 16:21:34','admin',4,5),(6,'2014-08-04 16:26:52','lixue','唐丽媛','受益人年预期收益率为1年期：9.3%/年，2年期:期限 单份信托合同项下信托资金','受益人年预期收益率为1年期：9.3%/年，2年期:期限 单份信托合同项下信托资金金额 \r\n2年期 300万元以下（不含） 9.5%/年\r\n 300万元以上（含） 10.3%/年\r\n ','世诚裕润（1）回购义务人自愿将特定股权提供质押担保。\r\n（2）美景集团实际控制人王小兴提供连带责任保证。','宝盈341号美景集团股权收益权项目','non_transaction_management','李小莉','胡安亚','2014-08-04 17:24:06','lixue',8,6),(7,'2014-08-04 16:42:51','lixin','李坤','9','信托资金贷放给广西滨海城市建设发展有限公司，用于广西钦州市扬帆大道南延长线工程建设。','天津滨海发展投资控股有限公司提供连带责任保证。','百瑞富诚127号集合资金（广西钦州杨帆大道项目）','non_transaction_management','李小莉','吴文彬','2014-08-04 16:46:40','lixin',6,7),(8,'2014-08-04 16:52:36','loubingxun','刘卉','8.625','信托贷款本金以贷款的方式贷放给新发展公司，用于新发展公司承建的郑州市航空港区综合保税区内富士康“L地块”厂房及配套设施','郑州新区建设开发投资总公司（以下简称：新区建投）以其持有的位于郑州市中牟县官渡镇韩庄村西的面积为1,342,975.37平方米的工业用地国有土地使用权【土地使用权证号：牟国用（2010）第239号】向受托人提供抵押担保。','百瑞富诚60号集合资金信托计划（郑州航空港区富士康项目）','non_transaction_management','李小莉','孙雪蕾',NULL,NULL,1,8),(9,'2014-08-04 17:33:26','wangzhen','宋楠','','计划本金以贷款方式一次或分次发放给开封市兰尉高速公路发展有限公司，用于补充添置兰尉高速公路多路径识别系统、高速公路日常维护、周期性大修等所需的流动资金。','兰尉高发公司以其持有的日照至南阳高速公路兰考至尉氏路段高速公路收费权提供质押担保；河南海菱实业发展有限公司自愿以其合法所有的全部资产提供连带责任保证。','百瑞宝盈255号集合资金信托计划 （兰尉高速）','non_transaction_management','李小莉','薛杉','2014-08-12 18:32:24','wangzhen',3,9),(10,'2014-08-05 16:30:54','admin','唐丽媛','','','','富诚39','non_transaction_management','李小莉','胡安亚',NULL,NULL,1,10),(11,'2014-08-07 17:39:31','lixue','唐丽媛','1年期9%/年，2年期单份合同委托金额在100万元（含）至300万元（不含）的为','资金运用方式：信托计划成立后，受托人按照委托人意愿，信托资金用于购买众泰控股集团有限公司持有的浙江众泰汽车制造有限公司100%股权（对应出资额为人民币10,180万元）的收益权。','保障措施：\r\n（1）众泰集团以其持有的众泰汽车制造100%股权向受托人提供质押担保。按照众泰汽车2013年11月30日的净资产计算，特定股权价值共计人民币204,911.68万元；\r\n（2）杭州润辰置业有限公司将其持有的位于浙江省淳安县千岛湖镇排岭半岛金紫度假村北侧的面积为69,639.16平方米的商住用地使用权【土地使用证号为淳安国用（2011）第02869号】向受托人提供抵押担保，该抵押物评估价值为人民币27,361.23万元；\r\n（3）铁牛集团有限公司以其全部财产提供连带责任保证。\r\n','百瑞宝盈178号集合资金信托计划（众泰汽车股权收益权）','non_transaction_management','李小莉','赛攀','2014-08-07 18:13:00','lixue',8,11),(12,'2014-08-07 17:44:46','lixue','唐丽媛','333','333','3333','33','non_transaction_management','李小莉','胡安亚',NULL,NULL,0,12),(13,'2014-08-07 17:55:06','lixue','唐丽媛','预期收益率为10%/年','信托计划资金用于购买汝阳杜康酿酒有限公司（以下简称汝阳杜康）持有的750吨酒祖杜康12区窖藏酒成品酒（以下简称特定白酒）的收益权（以下简称特定白酒收益权）。信托计划到期前，汝阳杜康按照约定溢价回购信托计划项下的特定白酒收益权，回购价款包括溢价款和受让款。','（1）汝阳杜康以其合法持有的800吨酒祖杜康12区窖藏酒成品酒（包含750吨特定白酒）提供抵押担保；\r\n（2）洛阳杜康控股有限公司、郑州黄河大观有限公司、汝阳杜康的法定代表人高峰、实际控制人李伟均自愿以其各自合法所有的全部财产提供连带责任保证。\r\n','百瑞宝盈198号集合资金信托计划（酒类收益权投资基金-酒祖杜康12区窖藏酒）','non_transaction_management','李小莉','薛杉','2014-08-08 15:35:20','lixue',7,13),(14,'2014-08-07 17:58:44','lixue','唐丽媛','10.5%/年','受托人按照委托人意愿，将信托计划本金用于购买河南平原控股集团股份有限公司（以下简称平原控股）持有的郑州泰阳纺织有限公司（已更名为郑州三棉纺织有限公司）（以下简称三棉纺织）约96.87%股权（对应出资额13,731万元）的收益权。信托计划到期前，平原控股按照约定溢价回购特定股权收益权。','（1）平原控股将其持有的郑州三棉纺织有限公司约96.87%股权（对应出资额13,731万元）向受托人提供质押担保，根据三棉纺织2013年12月报表净资产计算对应价值为36,429.04万元；\r\n（2）三棉纺织将其持有的位于郑州市化工路北、紫竹路西的面积为162,087.2平方米的工业用地使用权【土地使用证号为郑国用（2008）第0206号】向受托人提供抵押担保，根据河南省中地联合评估咨询有限公司出具的编号为（郑州）中地（2012）（估）字第190号的《土地估价报告》（估价基准日：2012年11月14日）显示，该抵押物评估价值为人民币11,718.90万元；\r\n（3）三棉纺织将229台纺织生产设备向受托人提供抵押担保。根据河南豫财资产评估有限公司出具的豫财评报字[2012]第1114号的《资产评估报告》（估价基准日：2012年10月31日）显示，该抵押物评估价值为人民币17,067.44万元。本计划综合抵押率为18.34%。\r\n','百瑞宝盈242号集合资金信托计划（泰阳纺织股权收益权）','non_transaction_management','李小莉','薛杉','2014-08-08 15:35:02','lixue',8,14),(15,'2014-08-07 18:06:37','lixue','唐丽媛','1.5年期和2年期均为9%/年','将信托计划本金以贷款方式发放给鹤壁市四季青农产品批发市场（以下简称鹤壁四季青或借款人），用于鹤壁四季青农产品批发市场家居广场内6#、7#、8#、9#楼的室内装修。','为防止信用风险，本信托计划设计了多重防范措施：\r\n（1）鹤壁四季青以其合法持有的位于鹤壁市淇滨区九州路南侧、老107东侧四季青农产品批发市场家居广场内的1#楼、5#楼共计20431.41平方米的房屋所有权【房产证号：鹤房权证市字第1201010208号、鹤房权证市字第1201010219号】及对应的商业用地使用权向受托人提供抵押担保。根据河南省豫建房地产评估咨询有限公司出具的《房地产估价报告》（估价报告编号：豫郑豫建评字[2013]01001B号，估价时点：2013年1月6日），上述房屋评估总价为人民币16,426.85万元，抵押率48.7%。\r\n（2）借款人法定代表人李东顺的配偶董雪香提供连带责任保证。\r\n','百瑞宝盈249号集合资金信托计划（鹤壁四季青）','non_transaction_management','李小莉','姚楠','2014-08-07 18:08:02','lixue',3,15),(16,'2014-08-07 18:09:27','lixue','唐丽媛','1.5年期，单份信托合同项下信托资金金额在100万元（含）以上300万元以下（不','信托计划成立后，受托人按照委托人意愿，将信托计划资金以债权方式发放给河南财鑫集团有限责任公司（以下简称财鑫集团或借款人），用于补充其在生产经营过程中的流动资金需求。','为保障信托计划安全，项目设立了多重防范措施：\r\n（1）万隆置业以其合法持有的位于菏泽市单县西外环北段路东万隆国际批发城A2#-A30#、B21#-B23#楼的商业物业所有权为信托贷款提供抵押担保，经单县新达房地产评估事务所（有限责任公司)评估，上述抵押物的评估价值为人民币59309.06万元，估价时点：2013年5月21日，评估报告编号为单新房估字第(B20130559)号。\r\n（2）财鑫化工为借款人如约履行本息偿还义务承担连带清偿责任，同时，借款人的实际控制人仵树仁提供连带责任保证。\r\n','百瑞宝盈323号集合资金信托计划（财鑫集团）','non_transaction_management','李小莉','杨绪强','2014-08-08 09:53:36','lixue',7,16),(17,'2014-08-08 09:44:08','lixue','胡斌','本信托不设预期收益，以本期信托财产运用产生的实际信托收益为准','信托基金成立后，受托人通过投资、贷款等多种方式将信托资金投放于郑汴新区，以获取投资收益。其中，第1期募集的信托资金用于投资目标公司河南新高地控股有限公司15%的股权。','受托人向项目公司派出董事、监事，参与项目公司的重大事项决策。','百瑞富诚郑汴区域发展信托基金1期','non_transaction_management','李小莉','王瑞晓','2014-08-08 15:37:13','lixue',6,17),(18,'2014-08-08 10:00:18','wangzhen','宋楠','年预期收益率约为13%','受托人按照委托人意愿，将信托计划本金以贷款形式贷放给河南建业足球俱乐部股份有限公司（以下简称建业足球俱乐部），由其用于补充购买球员、俱乐部训练及比赛场馆固定设施维护及其他经营所需的流动资金。','（1）受托人履行尽职管理义务，密切跟踪借款人的经营情况，关注其财务状况变化，督促其按时偿还信托计划贷款本息，本信托计划约定了信托终止时可采用原状返还的形式进行信托财产交付。\r\n（2）为防范借款人不能按时、足额偿还贷款本息的风险，胡葆森先生向受托人提供连带责任保证。','百瑞宝盈184号定向集合资金信托合同 （建业足球俱乐部）','non_transaction_management','李小莉','史倩颖','2014-08-12 18:30:50','wangzhen',3,18),(19,'2014-08-08 10:09:39','wangzhen','宋楠','11.7%/年','信托成立后，信托资金以贷款方式贷放给河南中联创，用于由其运用于橄榄城•都市广场（商业）项目的开发建设。','（1）借款人以其合法持有的位于郑州市佛岗东路南、冯庄路西的土地使用权【土地使用权证编号：郑国用（2008）第0571号，抵押面积：25,906.6平方米】为6,000万元信托贷款向受托人提供抵押担保。根据河南省中地联合评估咨询有限公司出具的《土地估价报告》【报告编号：河南中地公司（2012）估字第078号，估价基准日：2012年6月15日】，上述土地评估价值为15,499.92万元。\r\n（2）借款人以其合法持有的位于郑州市二七区冯庄路东、寒山东路北橄榄城•都市广场商业A座1-5层、11-15层建筑面积共计29,584.69平方米的在建工程【对应的土地使用权证号：郑国用（2008）第0569号，建设用地规划许可证号：（2008）郑城规规管许字（0192）号，建设工程规划许可证号：郑规建字第[410100201029211]号，建设工程施工许可证号：410102201012230101号，商品房预售许可证号：（2012）郑房管预字第2837号】为9,000万元信托贷款向受托人提供抵押担保。根据河南省豫建房地产评估咨询有限公司出具的《房地产抵押估价报告》【报告编号：豫郑豫建评字[2012]071060D号，估价时点：2012年6月15日】，上述在建工程评估价值为22,992.43万元。\r\n（3）郑州亚新房地产开发有限公司（以下简称亚新地产）以其合法所有的全部资产为上述2笔信托贷款向受托人提供连带责任保证。','百瑞宝盈201号单一资金信托（河南中联创）','non_transaction_management','李小莉','郭晓茹','2014-08-12 18:29:08','wangzhen',6,19),(20,'2014-08-08 11:10:01','lixin','李坤','以信托收入扣除费用后的实际收益为准','委托人河南红旗煤业股份有限公司将其合法拥的财产（一矿的采矿权）收益权设立信托，由受托人以自己的名义按照信托合同的约定进行管理、运用与处分，为受益人获取收益。委托人委托受托人与投资本信托项下信托受益权的投资人（中国工商银行股份有限公司-理财计划代理人）签订投资协议，将原本属于委托人自己享有的信托受益权向投资人转让，使投资人成为本信托的受益人。投资人根据信托合同及《投资协议》约定投资该信托受益权，亦享有信托受益权。','（1）河南红旗煤业股份有限公司一矿的采矿权（采矿许可证编号：C4100002009081120033599）提供抵押担保；\r\n（2）河南红旗煤业股份有限公司拥有的绞车、皮带机、刮板输送机等评估价3,703.49 万元进行抵押；\r\n（3）河南永安水泥有限责任公司以其持有的土地评估价值2,142.3万元提供抵押担保；\r\n（4）百瑞信托委托工行巩义支行对河南红旗煤业股份有限公司采矿权收益权的全部收入归集至红旗煤业的账户进行账户监管。\r\n（1）河南红旗煤业股份有限公司一矿的采矿权（采矿许可证编号：C4100002009081120033599）提供抵押担保；\r\n（2）河南红旗煤业股份有限公司拥有的绞车、皮带机、刮板输送机等评估价3,703.49 万元进行抵押；\r\n（3）河南永安水泥有限责任公司以其持有的土地评估价值2,142.3万元提供抵押担保；\r\n（4）百瑞信托委托工行巩义支行对河南红旗煤业股份有限公司采矿权收益权的全部收入归集至红旗煤业的账户进行账户监管。','百瑞宝盈169号单一信托（红旗煤业）','non_transaction_management','李小莉','张羽','2014-08-08 11:20:12','lixin',2,20),(21,'2014-08-08 11:15:39','admin','唐丽媛','','','','富诚37号','non_transaction_management','李小莉','胡安亚',NULL,NULL,1,21),(22,'2014-08-08 11:22:38','lixin','李坤','1.5年期,单份信托合同项下信托资金金额在300万元以下的，年预期收益率为10.','信托计划成立后，受托人按照委托人意愿，将信托计划本金以贷款方式一次或分次发放给成都双流和骏置业有限公司（以下简称：双流和骏或借款人），用于蓝光空港总部基地一期项目开发建设。\r\n','（1）四川蓝光和骏、成都和祥实业有限公司、成都蓝光电脑城资产管理有限公司、成都金堂蓝光和骏置业有限公司分别以其合法持有的房产所有权为信托贷款向受托人提供抵押担保，这些房产共计33,291.38平米，评估价值为54,083万元；\r\n（2）成都金堂蓝光和骏置业有限公司以其合法持有的位于金堂县赵镇观岭大道253,235.98平米的土地使用权向受托人提供抵押担保，该土地使用权的评估价值为19,383万元；\r\n（3）四川蓝光和骏为借款人按时、足额偿还信托贷款向受托人提供连带责任保证。','百瑞宝盈174号集合资金信托计划（蓝光空港总部基地一期）','non_transaction_management','李小莉','苏欣','2014-08-08 11:45:35','lixin',4,22),(23,'2014-08-08 11:49:44','lixin','李坤','1年期年预期收益率约为14%，1.5年期年预期收益率约为15%，2年期年预期收益','贷款给上海三盛宏业投资(集团）有限责任公司，用于补充其流动资金，以支持旗下海运、医药、经贸等业务的发展。','借款人实际控制人陈建铭（身份证号：330902195604290258）自愿提供连带责任保证。','百瑞宝盈329号定向集合资金信托计划（三盛宏业）','non_transaction_management','李小莉','肖静','2014-08-08 14:16:46','lixin',2,23),(24,'2014-08-08 14:21:07','lixin','李坤','18个月期中300万元以下 7.6%/年，300万元以上（含300万元）8.1%','信托计划本金一次以贷款方式发放给太仓市高成房地产开发有限公司（以下简称太仓高成或借款人），用于其位于太仓市浏河镇“高成.上海假日”三期部分项目（39#-48#楼及地下车库与人防工程）的开发建设。','（1）常州高成莱阳置业有限公司以其合法持有的位于常州市天宁区蔷薇园西侧、常锡路南侧的在建工程（建筑面积为61,778.06平方米）向受托人提供抵押担保。评估价值为人民币50,563万元。\r\n（2）高成莱阳以其合法持有的位于常州市天宁区蔷薇园西侧、常锡路南侧的天鹅湖花园29套商铺房产（建筑面积合计为5549.49平方米）向受托人提供抵押担保。评估价值为人民币11,195万元。\r\n（3）借款人以其合法持有的位于太仓市浏河镇“高成.上海假日”项目6套住宅房产（建筑面积合计为1734.33平方米）向受托人提供抵押担保。评估价值为人民币2,350万元。\r\n（4）江苏高成房地产开发有限公司以其所有的全部财产向受托人提供连带责任保证。\r\n（5）借款人的实际控制人钱忠秀以其所有的全部财产向受托人提供连带责任保证。','百瑞宝盈334号集合资金（上海假日）','non_transaction_management','李小莉','行成生','2014-08-08 14:23:36','lixin',4,24),(25,'2014-08-08 14:27:12','lixin','李坤','9%/年','信托计划本金一次以贷款方式发放给上海三盛宏业投资（集团）有限责任公司（以下简称三盛宏业或借款人），由借款人用于支持其旗下经营贸易、建筑业务的企业发展。','（1）借款人将其持有的中昌海运股份有限公司（证券代码：SH600242，以下简称：中昌海运）3,000万股流通股份向受托人提供质押担保，并办理强制执行公证和质押登记手续。\r\n（2）借款人控股股东陈建铭自愿以其合法持有的全部财产提供连带责任保证。','百瑞宝盈360号集合资金信托计划（中昌海运）','non_transaction_management','李小莉','肖静','2014-08-08 14:28:38','lixin',2,25),(26,'2014-08-08 14:31:18','lixin','李坤','1年 100万以上(含）7%/年（3000万）；','用于长沙市岳麓区达美D6区项目三期建设运营','（1）湖南新达美梅溪房地产开发有限公司以其合法持有的位于岳麓区梅溪湖的土地使用权证号为长（国）用（2014）第005557号、面积为16230.21平方米和土地使用权证号为长国用（2014）第005558号、面积为10796.49平方米的国有土地使用权提供抵押担保。上述抵押物的评估价值为38080万元。\r\n（2）借款人股东文泽军先生自愿以其合法所有的全部财产提供连带责任保证。\r\n（3）借款人股东文宇先生自愿以其合法所有的全部财产提供连带责任保证','百瑞宝盈422号集合资金（长沙达美D6区三期项目）','non_transaction_management','李小莉','胡安亚','2014-08-08 14:34:42','lixin',2,26),(27,'2014-08-08 14:36:16','lixin','李坤','9%/年','信托计划本金一次以贷款方式发放给常熟男人世界市场有限公司（以下简称常熟男装或借款人），由借款人用于补充包括位于江苏省淮安市金湖县的香港城的整体改造和位于江苏省苏州常熟服装城中国男装中心的局部翻新等所需的流动资金。','（1）金湖汇丰房地产有限公司以其持有的位于江苏省淮安市金湖县园林路以东，金湖路以北的香港城中面积约35037.40平方米的商业房产【486个房产证，详见抵押物清单】提供抵押担保。（抵押物价值40727.36元）\r\n（2）常熟国服房地产开发有限公司以其全部财产提供连带责任保证担保。\r\n（3）常熟国际服装服饰城置业有限公司以其全部财产提供连带责任保证担保。\r\n（4）林岩建（身份证号：330323196910090733）以其全部财产提供连带责任保证。','百瑞宝盈425号集合资金信托计划（常熟中国男装中心2期）','non_transaction_management','李小莉','薛杉','2014-08-08 14:43:59','lixin',4,27),(28,'2014-08-08 14:46:29','lixin','李坤','2年期9.5%、2.5年期10%、3年期10.5%。','信托资金以贷款方式贷放给河南中孚热力有限公司（以下简称中孚热力），用于巩义市集中供热管网工程建设。','（1）巩义市国有资产公司将其持有的河南大峪沟煤业集团有限责任公司（以下简称大峪沟煤业）67%的股权（对应出资额为人民币14,420.03万元）向受托人提供质押担保；\r\n（2）中孚热力将承建巩义市集中供热管网工程建设而产生的供热收费权和对应的城市基础设施配套费（暖气初装费）收费权质押给受托人。','百瑞富诚57号集合资金信托计划（中孚热力）','non_transaction_management','李小莉','张宁','2014-08-08 14:50:08','lixin',4,28),(29,'2014-08-08 14:49:39','wangzhen','宋楠','','信托计划成立后，受托人按照委托人意愿，将信托计划本金以贷款方式发放给郑州亚新房地产开发有限公司（以下简称亚新地产或借款人），用于其名下四证齐全的“亚新•橄榄城3期”项目的开发建设。','（1）借款人自愿将其合法持有的位于郑州市二七区碧云路99号41号楼、42号楼1、2层的下列商业物业【建筑面积共计3416.4平方米】提供抵押担保，上述抵押房产评估价值总计6,190.52万元。\r\n（2）借款人自愿将其合法持有的位于郑州市二七区淮南街的下列商业物业【建筑面积共计8817.47平方米】提供抵押担保，上述抵押房产评估价值总计3,912.55万元。\r\n（3）借款人自然人股东张瑞新自愿将其合法持有的位于郑州市二七区淮南街22号院17号楼1-2层的下列商业物业【建筑面积共计2859.62平方米】提供抵押担保，上述抵押房产评估价值总计5,692.70万元。\r\n（4）借款人自然人股东张瑞新自愿将其合法持有的位于郑州市二七区淮南街22号院19号楼1-3层的下列商业物业【建筑面积共计3170.73平方米】提供抵押担保，上述抵押房产评估价值总计7,240.15万元。\r\n（5）借款人自然人股东张瑞新自愿将其合法持有的位于北京市朝阳区辛店路1号朗月园的别墅【建筑面积为421.29平方米】提供抵押担保，上述抵押房产评估价值总计2,323.84万元。','百瑞宝盈259集合资金信托计划计划（亚新橄榄城3期）','non_transaction_management','李小莉','史倩颖','2014-08-12 18:27:10','wangzhen',3,29),(30,'2014-08-08 14:52:36','lixin','李坤','2年期9.5%/年，2.5年期9.8%/年，3年期及以上10%/年。','信托计划成立后，受托人按照委托人要求将信托资金以贷款形式贷放给苏州高新区经济发展集团总公司，由其用于苏州西部生态城（东渚片）城乡一体化一期项目基础设施的综合开发建设。','苏州高新区国有资产经营公司以其全部财产向受托人提供连带责任保证担保。','百瑞富诚58号集合资金信托计划（苏高新基础设施1期）','non_transaction_management','李小莉','白亚松','2014-08-08 14:57:56','lixin',6,30),(31,'2014-08-08 15:01:12','lixin','李坤','第一期受益人、第二期的A类收益人和第三期受益人的预期收益率均为11.5%/年','信托计划资金以各种方式（债权或股权）发放给濮阳市龙瑞投资建设有限公司，由龙瑞公司用于濮阳市新区引黄灌溉调节水库工程项目和公司其它批复齐全项目的开发建设。首期信托计划资金30,000万元和第三期信托计划资金40,000万元以贷款方式贷放给龙瑞公司,第二期信托资金30,000万元以股权方式增资龙瑞公司，持股比例75%,上述资金均用于濮阳市新区引黄灌溉调节水库工程项目的开发建设。','濮阳市经济技术开发公司提供连带责任保证。','百瑞富诚82号集合资金信托计划（濮阳新区引黄灌溉调节水库基金）','non_transaction_management','李小莉','吴文彬','2014-08-08 15:10:08','lixin',4,31),(32,'2014-08-08 15:18:13','lixin','李坤','9.2%/年','信托计划成立后，受托人按照委托人意愿，将信托计划本金用于购买苏州高新区经济发展集团总公司（以下简称苏高新集团）持有的的对苏州高新区财政局的账面价值为人民币壹拾壹亿元的应收账款。苏高新集团获得资金后，主要用于补充苏高新集团流动资金所需（如购买材料、支付各项费用等日常经营支出），以及科技大厦二期项目的建设。','苏州高新区国有资产经营公司提供连带责任保证。','百瑞富诚95号集合资金信托计划（苏高新科技城项目）','non_transaction_management','李小莉','白亚松','2014-08-08 15:24:48','lixin',4,32),(33,'2014-08-08 15:37:00','lixue','胡斌','本期信托不设预期收益，以本期信托受益人实际收到的信托收益为准','信托基金成立后，受托人按照委托人的意愿，将本期募集的信托本金主要用于新设、增资控股或收购项目公司，以该项目公司为主体开发开封新区内产业园基础设施及相关工业厂房等配套设施，为本期信托项下受益人谋求投资收益。其中，本期募集的信托资金用于投资目标公司开封和盛实业有限公司80%的股权。','受托人向项目公司派出董事、监事，参与项目公司的重大事项决策。','百瑞富诚59号开封新区发展信托基金第1期','non_transaction_management','李小莉','白亚松','2014-08-08 15:38:38','lixue',3,33),(34,'2014-08-08 15:44:32','lixue','唐丽媛','受益人信托收益为信托计划财产收入扣除信托计划财产应承担的税费及其他费用后的余额，','本信托为指定管理资金信托，受托人按照委托人要求，将信托计划资金以贷款形式贷放给河南天方原创食品股份有限公司，由其用于驻马店市产业聚集区内年产36000万瓶枣酪果浆饮料项目的基础设施及相关生产线的建设。','（1）针对信用风险，本信托计划也设立了相应的保障措施，驻马店开发区嘉富诚置业有限公司位于河南省驻马店市共计200,157.37平方米的土地使用权。根据驻马店市新兴土地评估事务所2011年10月30日出具的《土地估价报告》【编号分别为：（驻马店）新兴（2011）（估）第65、第66号、（驻马店）新兴（2011）（估）第66号】显示，上述抵押物在2011年10月25日的土地使用权价格总计为87,714.64万元，抵押率为54.72%。此外，在充分揭示本计划投资风险的前提下，本计划信托合同约定了在信托终止时，可以采用持信托终止时信托财产原状方式（即债权方式）向受益人分配信托利益。\r\n（2）对于可能发生的抵押物风险，受托人管理团队将密切追踪国家和区域房地产市场的变化情况，并及时向委托人披露相关信息；在发生相关政策风险时及时做出应对方案与调整措施，最大化地降低本信托财产风险及损失。\r\n','百瑞富诚66号集合资金信托计划（驻马店产业聚集区农业食品项目）','non_transaction_management','李小莉','胡安亚','2014-08-08 15:49:26','lixue',4,34),(35,'2014-08-08 15:50:38','lixin','李坤','','信托计划本金以贷款方式一次或分次发放给巩义市非税收入管理局，用于中原西路延荥阳周古寺至巩义东环路段快速通道新建工程的建设。','巩义市国有资产投资经营有限公司为借款人按期、足额支付贷款本息提供连带责任保证。','百瑞富诚106号集合资金信托计划（中原西路延长线工程）','non_transaction_management','李小莉','范龚','2014-08-08 16:31:04','lixin',5,35),(36,'2014-08-08 17:04:28','lixin','李坤','9%','交易结构及运用方向：受托人按照委托人要求，将信托资金以贷款方式发放给郑州路桥建设投资集团有限公司（以下简称路桥集团），用于郑少高速公路郑州市区航海路连接线新建工程的建设。','（1）河南国宏建设投资控股有限公司提供连带责任保证；\r\n（2）借款人将其持有的郑州郑少高速公路发展有限公司30%股权（对应出资额为人民币壹亿贰仟万元整）提供质押担保；\r\n（3）借款人将其持有的对郑州新郑综合保税区（郑州航空港区）财政局的应收账款提供质押担保。','百瑞富诚107号单一资金信托（郑少航海连接线项目）','non_transaction_management','李小莉','孙雪蕾','2014-08-08 17:14:06','lixin',5,36),(37,'2014-08-11 10:12:56','lixue','唐丽媛','','本信托为指定管理资金信托，受托人按照委托人要求，将信托计划资金以贷款形式贷放给河南天方原创食品股份有限公司，由其用于驻马店市产业聚集区内年产36000万瓶枣酪果浆饮料项目的基础设施及相关生产线的建设。','（1）针对信用风险，本信托计划也设立了相应的保障措施，驻马店开发区嘉富诚置业有限公司位于河南省驻马店市共计200,157.37平方米的土地使用权。根据驻马店市新兴土地评估事务所2011年10月30日出具的《土地估价报告》【编号分别为：（驻马店）新兴（2011）（估）第65、第66号、（驻马店）新兴（2011）（估）第66号】显示，上述抵押物在2011年10月25日的土地使用权价格总计为87,714.64万元，抵押率为54.72%。此外，在充分揭示本计划投资风险的前提下，本计划信托合同约定了在信托终止时，可以采用持信托终止时信托财产原状方式（即债权方式）向受益人分配信托利益。\r\n（2）对于可能发生的抵押物风险，受托人管理团队将密切追踪国家和区域房地产市场的变化情况，并及时向委托人披露相关信息；在发生相关政策风险时及时做出应对方案与调整措施，最大化地降低本信托财产风险及损失。\r\n','百瑞富诚66号集合资金信托计划（驻马店产业聚集区农业食品项目）','non_transaction_management','李小莉','白亚松','2014-08-11 10:15:49','lixue',3,37),(38,'2014-08-11 10:32:53','lixue','唐丽媛','8.6%/年','信托资金以贷款方式贷放给登封市非税局，由其运用于登封市博物馆、图书馆、文化馆建设工程项目。','郑州新登企业集团有限公司为借款人按时、足额偿还信托贷款本息向受托人提供连带责任保证。','百瑞富诚68号单一资金信托（登封市三馆建设工程）','transaction_management','李小莉','白亚松','2014-08-11 10:37:51','lixue',5,38),(39,'2014-08-11 14:25:40','lixue','唐丽媛','8.6%/年','受托人按照委托人要求，将信托资金贷放给登封市建设投资总公司，运用于登封市产业集聚区基础设施工程及相关配套基础设施建设。','登封电厂集团有限公司为借款人按时、足额偿还信托贷款本息向受托人提供连带责任保证。','百瑞富诚69号单一资金信托（登封产业集聚区基础设施建设）','transaction_management','李小莉','白亚松','2014-08-11 14:29:36','lixue',4,39),(40,'2014-08-11 14:31:12','lixue','唐丽媛','9%/年','受托人按照委托人要求，将信托资金贷放给栾川县非税收入管理服务中心，由其运用于栾川县迎宾大道工程建设以及南环路改扩建工程。','栾川县土地储备整理中心以其合法持有的国有划拨土地使用权两宗土地面积合计为238316.2平方米的商业金融用地提供抵押担保。','百瑞富诚87号单一资金信托（栾川基础设施）','non_transaction_management','李小莉','张宁','2014-08-11 14:33:30','lixue',4,40),(41,'2014-08-11 14:37:47','lixin','李坤','','信托资金贷放给舞钢市非税收入管理局，用于舞钢市行政新区路网及绿地建设项目的开发建设。','舞钢市城乡市开发建设投资有限公司以其合法持有的位于舞钢市铁山大道西段北侧的八宗国有土地使用权以及位于舞钢市垭口温州路北段东侧的商业物业向受托人提供抵押担保。舞钢建投以其合法持有的位于舞钢市垭口温州路北段东侧（文化活动中心楼）的商业物业房屋提供抵押担保，抵押财产房屋评估价值合计为人民币10,289.59万元。河南瑞祥农牧股份有限公司、舞刚建投分别为借款人按时、足额偿还贷款本息提供连带责任保证。','百瑞富诚121号集合资金信托计划（舞钢市基础设施建设）','transaction_management','李小莉','张宁','2014-08-11 14:40:06','lixin',5,41),(42,'2014-08-11 14:59:55','lixin','李坤','','信托资金贷放给江苏天禾旅游发展有限公司（以下简称江苏天禾），用于江苏省第八届园艺博览会园区项目的建设。','扬中市城市建设投资发展总公司提供连带责任保证。','百瑞富诚126号集合资金信托计划（扬中园博会）','non_transaction_management','李小莉','白亚松','2014-08-11 15:06:14','lixin',5,42),(43,'2014-08-11 15:03:33','lixin','李坤','','信托资金贷放给广西滨海城市建设发展有限公司（以下简称广西滨海），用于广西钦州市扬帆大道南延长线工程建设。','天津滨海发展投资控股有限公司提供连带责任保证。','百瑞富诚127号集合资金信托计划（广西钦州杨帆大道项目）','non_transaction_management','李小莉','吴文彬','2014-08-11 15:05:34','lixin',5,43),(44,'2014-08-11 15:07:08','lixin','李坤','','信托资金用于折价受让成都成华国资经营投资有限责任公司（以下简称成华国投或回购义务人）持有的对成都新蓉华文旅发展投资有限公司27,050万元应收账款的收益权。成华国投取得应收账款收益权转让款后,用于其日常经营，改善其企业财务结构。信托计划到期前，成华国投溢价回购应收账款收益权，并按照约定支付应收账款收益权回购价款。','成华国投以其持有的位于成都市成华区海滨湾社区七组的面积为51,586 m2的政府储备土地使用权提供抵押担保，土地评估价值为37,350万元。','百瑞富诚147号集合资金信托计划（成华国投1期）','non_transaction_management','李小莉','杨金龙','2014-08-11 15:08:36','lixin',2,44),(45,'2014-08-11 15:11:08','lixin','李坤','9%/年','信托资金用于购买郑州建中建设开发有限责任公司（以下简称建中建设）因代建三环、四环（管城段）道路绿化项目而持有的对郑州市管城回族区人民政府的9.5亿元应收账款。建中建设获得信托资金后，用于补充其日常经营所需的流动资金，如购买材料、支付各项费用等日常经营支出。','郑州市永威置业有限公司和河南民安房地产开发有限公司提供连带责任保证。','百瑞富诚148号集合资金信托计划（建中建设项目）','non_transaction_management','李小莉','潘醌','2014-08-11 15:13:11','lixin',4,45),(46,'2014-08-11 15:14:12','lixin','李坤','约为9.55%/年。','信托资金分次贷放给嘉兴市联众实业投资有限公司（以下简称嘉兴联众），用于补充借款人日常经营所需的流动资金。','嘉兴联众自愿以其合法持有的住宅用房、商业用房提供抵押担保，抵押物评估价为20,020万元；嘉兴市南湖国有资产投资集团有限公司自愿以其合法所有的全部财产提供连带责任保证；嘉兴市中正置业有限公司自愿以其合法所有的全部财产提供连带责任保证。','百瑞富诚149号集合资金信托计划（嘉兴联众）','non_transaction_management','李小莉','孙雪蕾','2014-08-11 15:17:00','lixin',4,46),(47,'2014-08-11 15:16:50','loubingxun','刘卉','8.5%/年','受托人按照委托人要求，将信托资金以贷款方式发放给河南电力实业集团有限公司，用于补充其日常经营所需流动资金。','无','宝盈379号定向集合资金信托计划（河南电力实业）','non_transaction_management','李小莉','胡安亚','2014-08-11 15:18:02','loubingxun',3,47),(48,'2014-08-11 15:17:53','lixin','李坤','','信托资金用于折价受让成都成华国资经营投资有限责任公司持有的对成都市成华区财政局的15,500万元应收账款项下对应的应收账款收益权和对成都市跃华房屋经营开发有限公司29,000万元应收账款项下对应的应收账款收益权，折价率为92.47%。成华国投取得应收账款收益权转让款后,用于其日常经营，改善其企业财务结构。','成华国投将其位于成都市成华区青龙街道办事处新山社区二组的面积为113,720.79平方米的政府储备土地使用权提供抵押担保，土地评估价值为90,750万元。','百瑞富诚150号集合资金信托计划（成华国投2期）','non_transaction_management','李小莉','杨金龙','2014-08-11 15:19:37','lixin',3,48),(49,'2014-08-11 16:23:20','lixue','唐丽媛','1.5年期为9%/年,2年期300万以上为10%/年，300万以下为9.5%/年','信托计划成立后，受托人按照委托人意愿，将信托计划本金以贷款形式发放给济源市济康科技有限公司（以下简称借款人或济康科技），由其用于富士康济源虎岭工业园项目的建设。 ','河南省济源市建设投资公司自愿将其合法持有的华能沁北发电有限责任公司5%的股权（对应出资额为人民币4,050万元）提供质押担保。','百瑞富诚89号集合资金信托计划（济源富士康）','non_transaction_management','李小莉','白亚松','2014-08-11 16:28:33','lixue',3,49),(50,'2014-08-11 16:28:54','lixue','唐丽媛','预期收益率为10%/年','信托计划资金用于购买汝阳杜康酿酒有限公司（以下简称汝阳杜康）持有的750吨酒祖杜康12区窖藏酒成品酒（以下简称特定白酒）的收益权（以下简称特定白酒收益权）。信托计划到期前，汝阳杜康按照约定溢价回购信托计划项下的特定白酒收益权，回购价款包括溢价款和受让款。','（1）汝阳杜康以其合法持有的800吨酒祖杜康12区窖藏酒成品酒（包含750吨特定白酒）提供抵押担保；\r\n（2）洛阳杜康控股有限公司、郑州黄河大观有限公司、汝阳杜康的法定代表人高峰、实际控制人李伟均自愿以其各自合法所有的全部财产提供连带责任保证。\r\n','百瑞宝盈198号集合资金信托计划（酒类收益权投资基金-酒祖杜康12区窖藏酒）','non_transaction_management','李小莉','胡安亚',NULL,NULL,3,50),(51,'2014-08-11 17:15:36','lixue','唐丽媛','','信托资金以贷款方式贷放给常州市晋陵投资建设有限公司，由其用于常州龙城文化产业城项目的整体建设。','常州市城市建设（集团）有限公司、常州市排水公司提供连带责任保证。借款人将其合法持有的对常州市人民政府的其他应收款质押给百瑞信托。 ','百瑞富诚85号集合资金信托计划（龙城文化城基础设施）','non_transaction_management','李小莉','白亚松','2014-08-11 17:17:27','lixue',5,51),(52,'2014-08-12 10:23:05','lixue','唐丽媛','','信托资金用于购买洛阳市新区建设投资有限责任公司（以下简称洛阳新区建投）持有的龙门大道工程建设项目而应收的洛阳市财政局的应收账款（以下简称应收账款，按照折价不超过50%的折价率进行计算，对应洛阳市财政局的应收账款额度不低于4亿元），洛阳新区建投在获得信托资金后，用于开拓大道跨伊河大桥工程项目建设。','为保障信托计划安全，项目设立了以下保障措施：\r\n（1）应收账款折价买入：洛阳新区建投将其持有的对洛阳市财政局的应收账款转让给受托人，折价率为50%。\r\n（2）连带责任担保：洛阳城市发展投资集团有限公司为洛阳新区建投按照约定按期、足额支付回购价款提供连带责任保证。\r\n','百瑞富诚105号集合资金信托计划（洛阳新区开拓大道跨伊河大桥工程）','non_transaction_management','李小莉','吴文彬',NULL,NULL,3,52),(53,'2014-08-12 10:25:33','lixue','唐丽媛','','信托计划成立后，受托人按照委托人要求将信托资金以贷款形式一次或分次发放给洛阳市涧西区非税收入管理中心，用于洛阳市先进制造产业集聚区内的南华路、秦岭东路、秦岭南路修建工程和大学科技城高压线迁移工程建设；','洛阳大学科技园发展有限公司承担连带责任担保','百瑞富诚108号集合资金信托计划（洛阳产业集聚区基础设施建设）','non_transaction_management','李小莉','张宁','2014-08-12 10:26:59','lixue',5,53),(54,'2014-08-12 10:40:30','lixue','唐丽媛','','信托资金用于购买洛阳市新区建设投资有限责任公司（以下简称洛阳新区建投）持有的开发洛阳新区伊河治理一期项目而应收的洛阳市财政局的应收账款（以下简称应收账款，按照折价不超过50%的折价率进行计算，对应洛阳市财政局的应收账款额度不低于4亿元），洛阳新区建投在获得信托资金后，用于高铁大道跨伊河大桥工程项目建设。','为保障信托计划安全，项目设立了以下保障措施：\r\n（1）应收账款折价买入：洛阳新区建投将其持有的对洛阳市财政局的应收账款转让给受托人，折价率为50%。\r\n（2）连带责任担保：洛阳城市发展投资集团有限公司为洛阳新区建投按照约定按期、足额支付回购价款提供连带责任保证。\r\n','百瑞富诚110号集合资金信托计划（洛阳新区高铁大道跨伊河大桥工程）','non_transaction_management','李小莉','吴文彬','2014-08-12 10:51:26','lixue',7,54),(55,'2014-08-12 10:55:47','lixue','胡斌','信托存续期间，受托人因目标公司分配股息红利而取得的收入为信托收益','信托成立后，受托人按照委托人意愿，参与发起设立上海百瑞资产管理有限公司（以下简称上海百瑞），信托资金用于缴纳上海百瑞的资本金。受托人以本信托资金认缴上海百瑞的注册资本人民币994万元整，首期实缴出资人民币198.8万元整；第二期795.2万元，截至2015年2月22日交足。','受托人向项目公司派出董事、监事，参与项目公司的重大事项决策。','百瑞宝盈254号单一资金信托（上海百瑞）','transaction_management','李小莉','杨绪强','2014-08-12 10:56:34','lixue',3,55),(56,'2014-08-12 10:58:57','lixue','唐丽媛','受益人年预期收益率约为：15%。','本信托计划为指定管理资金信托计划，借款人、贷款金额、期限、利率、还款方式、担保方式等均由委托人指定。信托计划成立后，受托人按照委托人意愿，将信托计划本金以贷款的方式发放给郑州市纳帕美景农业发展有限责任公司（以下简称纳帕美景农业或借款人），用于支持其日常经营发展所需的流动资金。','为保障信托计划安全，项目设立了如下防范措施：\r\n（1）为保障借款人按时、足额支付信托贷款利息和偿还信托贷款本金，河南省美景集团有限公司为借款人按时、足额偿付贷款本息提供连带责任保证担保。且信托计划终止时，受托人有权以现金形式或信托终止时信托财产原状方式或两者的混合方式向受益人分配信托利益。\r\n','百瑞宝盈362号集合资金信托计划（纳帕美景农业）','non_transaction_management','李小莉','夏芳','2014-08-12 11:01:28','lixue',4,56),(57,'2014-08-12 11:08:23','zhaoyaping','赵雅萍','','信托计划本金以贷款方式一次或分次发放给河南天地辉煌置业有限公司，用于其开发的“龙门一号”项目一、二期的项目建设运营。','（1） 天地辉煌以其持有的位于伊川县的5宗国有土地使用权向受托人提供抵押担保；天地辉煌的实际控制人黄永灿先生向受托人提供连带责任保证。\r\n（2）天地辉煌在委托人指定的银行开立资金归集账户，并保证：至迟于距信托计划到期日前3个月之日，该资金归集账户内的金额不低于20%的存续信托贷款本金；至迟于距信托计划到期日前2个月之日，该资金归集账户内的金额不低于30%的存续信托贷款本金；至迟于距信托计划到期日前1个月之日，该资金归集账户内的金额不低于50%的存续信托贷款本金。','百瑞宝盈439号集合资金（洛阳龙门一号）','non_transaction_management','李小莉','赛攀','2014-08-12 17:13:05','zhaoyaping',5,57),(58,'2014-08-12 11:34:09','lixue','唐丽媛','年预期收益率为10.1%/年。','信托资金用于购买杨嘎先生持有的郑州金宝文化艺术品投资有限公司49%的股权（对应实收资本1470万元）的收益权。信托计划到期前，洛阳杜康控股有限公司和郑州金宝法定代表人杨嘎先生作为共同受让义务人按照约定溢价受让该股权收益权。','（1）郑州思念食品有限公司董事长李伟提供连带责任保证。\r\n（2）出质人杨嘎以合法持有的郑州金宝文化艺术品投资有限公司49%股权（对应出资额为人民币1470万元整）提供质押担保\r\n','百瑞宝盈333号单一资金信托（郑州金宝）','transaction_management','李小莉','胡安亚','2014-08-12 11:37:45','lixue',3,58),(59,'2014-08-12 14:17:29','lixue','唐丽媛','15.0%/年','信托计划成立后，受托人按照委托人意愿，将信托计划本金一次或分次以贷款方式发放给郑州宏业纺织有限公司（以下简称：宏业纺织或借款人），用于补充借款人经营所需的流动资金，补充其原材料采购资金。','为防止项目风险，本信托计划涉及了多重防范措施：\r\n（1）郑州锦嵩置业有限公司、郑州丰祥投资有限公司分别以其合法持有的郑州翰园置业有限公司（以下简称：翰园置业）60%的股权和35.2%的股权（对应出资额分别为人民币1200万元和人民币704万元）提供质押担保。根据河南求实资产评估有限公司出具的《郑州翰园置业有限公司股权质押项目评估报告》（豫求实评报字（2013）第087号），翰园置业股东全部权益评估值为252307.95万元。\r\n（2）翰园置业自愿以其合法所有的全部财产提供连带责任保证；\r\n（3）借款人的实际控制人陈锦艳自愿提供连带责任保证\r\n','百瑞宝盈401号集合资金信托计划（宏业纺织）','non_transaction_management','李小莉','张羽','2014-08-12 14:19:07','lixue',4,59),(60,'2014-08-12 14:20:32','lixue','唐丽媛','','信托计划成立后，受托人按照委托人意愿，将信托计划本金以贷款方式发放给河南依生药业有限公司，由其用于补充借款人营运资金需求。','（1）辽宁依生生物制药有限公司以其全部财产提供连带责任保证担保。；\r\n（2）开封依生泛亚科技有限公司以其全部财产提供连带责任保证担保。\r\n','百瑞宝盈453号集合资金信托计划（浦银精选一期）','non_transaction_management','李小莉','张羽','2014-08-12 14:21:27','lixue',5,60),(61,'2014-08-12 14:22:08','lixue','唐丽媛','年预期收益率为9%。','信托计划成立后，受托人按照委托人意愿，将信托资金运用于向河南青城建设有限公司（以下简称青城建设或借款人）发放贷款，用于补充借款人日常经营活动所需流动资金。','为保障借款人按时、足额支付信托贷款本息，本信托设置以下担保措施:\r\n（1）刘涛（身份证号：410402197001180019）自愿以其合法持有的河南常绿集团置业有限公司（以下简称：常绿集团）88.884%的股权（对应出资额为人民币17776.8万元）提供质押担保。\r\n（2）范建华（身份证号：413001196902081528）自愿以其合法持有的常绿集团10%的股权（对应出资额为人民币2000万元）提供质押担保。\r\n','百瑞宝盈462号单一资金信托（河南青城）','non_transaction_management','李小莉','胡安亚','2014-08-12 14:23:02','lixue',4,61),(62,'2014-08-12 14:23:39','lixue','唐丽媛','年预期收益率约为7%。','信托计划成立后，受托人按照委托人意愿，将信托计划本金以贷款方式发放给河南省建鼎建筑工程有限公司（以下简称建鼎建筑或借款人），用于补充借款人营运资金需求。','借款人的实际控制人杨德民自愿以合法所有的全部财产提供连带责任担保。','百瑞宝盈465号集合资金信托计划（浦银精选二期）','non_transaction_management','李小莉','张羽','2014-08-12 14:24:28','lixue',4,62),(63,'2014-08-12 14:25:16','lixue','唐丽媛','年预期收益率约为7%。','信托计划成立后，受托人按照委托人意愿，将信托计划本金以贷款方式发放给郑州建投绿化工程有限公司（以下简称借款人），用于补充借款人营运资金需求。','无','百瑞宝盈466号集合资金信托计划（浦银精选三期）','non_transaction_management','李小莉','张羽','2014-08-12 14:25:58','lixue',3,63),(64,'2014-08-12 14:30:03','lixue','胡斌','本信托计划不设预期收益，以信托计划受益人实际收到的信托利益为准','信托计划成立后，受托人按照委托人意愿，发起设立基金管理公司，公司经营范围为：“发起设立以及受托管理股权投资基金，从事投融资管理及相关咨询服务”（暂定）。公司设立时注册资本为3000万元整。','受托人向项目公司派出董事、监事，参与项目公司的重大事项决策。','百瑞富诚157号集合资金信托计划（北京富诚宝鼎投资基金管理有限公司）','non_transaction_management','李小莉','吴文彬','2014-08-12 14:30:46','lixue',3,64),(65,'2014-08-12 14:31:37','wangzhen','刘静怡','预期收益率为12.5%/年','信托计划资金贷放给河南嘉达棉业有限公司，用于补充其日常经营所需流动资金。','（1）南阳市兴达房地产开发有限公司自愿将其合法持有的位于南阳市卧龙区工业路与新华路交叉口新华城市广场负一层至五层建筑面积共计24,064.65平方米的568套商铺房屋所有权提供抵押担保。\r\n（2）名门地产（河南）有限公司以其合法所有的全部资产向受托人提供连带责任保证。\r\n','百瑞宝盈305号集合资金信托计划（嘉达棉业）','non_transaction_management','李小莉','史倩颖','2014-08-12 18:24:01','wangzhen',5,65),(66,'2014-08-12 14:56:21','lixue','唐丽媛','10.5%/年','受托人按照委托人意愿，将信托计划本金用于购买河南平原控股集团股份有限公司（以下简称平原控股）持有的郑州泰阳纺织有限公司（已更名为郑州三棉纺织有限公司）（以下简称三棉纺织）约96.87%股权（对应出资额13,731万元）的收益权。信托计划到期前，平原控股按照约定溢价回购特定股权收益权。','（1）平原控股将其持有的郑州三棉纺织有限公司约96.87%股权（对应出资额13,731万元）向受托人提供质押担保，根据三棉纺织2013年12月报表净资产计算对应价值为36,429.04万元；\r\n（2）三棉纺织将其持有的位于郑州市化工路北、紫竹路西的面积为162,087.2平方米的工业用地使用权【土地使用证号为郑国用（2008）第0206号】向受托人提供抵押担保，根据河南省中地联合评估咨询有限公司出具的编号为（郑州）中地（2012）（估）字第190号的《土地估价报告》（估价基准日：2012年11月14日）显示，该抵押物评估价值为人民币11,718.90万元；\r\n（3）三棉纺织将229台纺织生产设备向受托人提供抵押担保。根据河南豫财资产评估有限公司出具的豫财评报字[2012]第1114号的《资产评估报告》（估价基准日：2012年10月31日）显示，该抵押物评估价值为人民币17,067.44万元。本计划综合抵押率为18.34%。\r\n','百瑞宝盈242号集合资金信托计划（泰阳纺织股权收益权）','non_transaction_management','李小莉','胡安亚','2014-08-12 14:57:39','lixue',4,66),(67,'2014-08-12 15:19:46','lixue','唐丽媛','','信托计划成立后，受托人按照委托人意愿，将信托计划资金以债权方式发放给河南财鑫集团有限责任公司（以下简称财鑫集团或借款人），用于补充其在生产经营过程中的流动资金需求。','为保障信托计划安全，项目设立了多重防范措施：\r\n（1）万隆置业以其合法持有的位于菏泽市单县西外环北段路东万隆国际批发城A2#-A30#、B21#-B23#楼的商业物业所有权为信托贷款提供抵押担保，经单县新达房地产评估事务所（有限责任公司)评估，上述抵押物的评估价值为人民币59309.06万元，估价时点：2013年5月21日，评估报告编号为单新房估字第(B20130559)号。\r\n（2）财鑫化工为借款人如约履行本息偿还义务承担连带清偿责任，同时，借款人的实际控制人仵树仁提供连带责任保证。\r\n','百瑞宝盈323号集合资金信托计划（财鑫集团）','non_transaction_management','李小莉','杨绪强',NULL,NULL,3,67),(68,'2014-08-12 16:07:08','lixue','唐丽媛','','信托计划成立后，受托人按照委托人意愿，将信托计划本金以贷款方式发放给鹤壁市四季青农产品批发市场（以下简称：鹤壁四季青、借款人），用于鹤壁四季青农产品批发市场内3-1#、3-2#、4#商业楼的装修及市场内冷库的升级改造。','为防止信用风险，本信托计划设计了多重防范措施：\r\n（1）鹤壁四季青以其合法持有的位于鹤壁市淇滨区九州路南侧、老107东侧四季青农产品批发市场家居广场内的02商业楼及8、9号商业楼，共计21979.80平方米的房屋所有权（房屋所有权证号：鹤房权证市字第1201010211号、鹤房权证市字第1301007491号）及房屋所分摊/占用的商业用地使用权【土地使用权证号：鹤国用（2012）第0180号项下、鹤国用（2013）第0133号】向受托人提供抵押担保。根据河南省豫建房地产评估咨询有限公司出具的《房地产抵押估价报告》（估价报告编号：豫郑豫建评字[2013]10535B号，估价时点：2013年10月16日），上述抵押物评估总价为人民币19445.52万元。\r\n（2）借款人法定代表人李东顺的配偶董雪香提供连带责任保证。\r\n','百瑞宝盈383号集合资金信托计划（鹤壁四季青二期）','non_transaction_management','李小莉','姚楠','2014-08-12 16:08:01','lixue',3,68),(69,'2014-08-12 16:59:36','wangzhen','刘静怡','10.03%/年','信托资金贷放给南阳纺织集团有限公司，补充借款人因支付原材料采购款、购买机器设备等以扩大生产规模及提高产能所需的流动资金。','（1）河南兴达投资有限公司以其持有的南阳纺织42.21%的股权（对应出资额人民币12,612万元）提供质押担保；\r\n（2）名门地产（河南）有限公司以其持有的南阳纺织57.79%的股权（对应出资额人民币17,268万元）提供质押担保；\r\n（3）名门地产（河南）有限公司以其持有的名门地产（安阳）有限公司100%的股权（对应出资额人民币20,000万元）提供质押担保；\r\n（4）名门地产（河南）有限公司提供连带责任保证；\r\n（5）名门地产（河南）有限公司的法定代表人孙群堤提供连带责任保证。\r\n','百瑞宝盈415号单一资金信托（南阳纺织）','non_transaction_management','李小莉','杨绪强','2014-08-12 18:23:13','wangzhen',3,69),(70,'2014-08-12 17:07:06','loubingxun','刘卉','','信托计划成立后，受托人按照委托人意愿，将信托计划本金以贷款方式发放给洛阳阳光生态农业有限公司，由其运用于洛阳阳光生态农业示范园的开发建设。','（1）洛阳英和房地产开发有限公司（以下简称“英和地产”）以及合法持有的位于洛阳经济开发区唐坊街与宜人路交叉口东北角、面积60111.4平方米的国有土地使用权【土地使用权证号：洛市国用（2012）第05010719号】提供抵押担保。根据河南省中地联合评估咨询有限公司于2013年12月25日销户局的《土地估价报告》【报告编号：（郑州）中地（2013）（估）字第435号；估价日期：2013年12月18日】，抵押物评估价值为41837.53万元。\r\n（2）河南博客置业有限公司（以下简称：博客置业）自愿以其合法所有的全部财产提供连带责任保证。','百瑞富诚166号集合资金信托计划（洛阳阳光生态农业示范园）','non_transaction_management','李小莉','吴文彬','2014-08-12 17:17:26','loubingxun',11,70),(71,'2014-08-12 17:07:11','lixue','唐丽媛','1.5年期和2年期均为9%/年','将信托计划本金以贷款方式发放给鹤壁市四季青农产品批发市场（以下简称鹤壁四季青或借款人），用于鹤壁四季青农产品批发市场家居广场内6#、7#、8#、9#楼的室内装修。','为防止信用风险，本信托计划设计了多重防范措施：\r\n（1）鹤壁四季青以其合法持有的位于鹤壁市淇滨区九州路南侧、老107东侧四季青农产品批发市场家居广场内的1#楼、5#楼共计20431.41平方米的房屋所有权【房产证号：鹤房权证市字第1201010208号、鹤房权证市字第1201010219号】及对应的商业用地使用权向受托人提供抵押担保。根据河南省豫建房地产评估咨询有限公司出具的《房地产估价报告》（估价报告编号：豫郑豫建评字[2013]01001B号，估价时点：2013年1月6日），上述房屋评估总价为人民币16,426.85万元，抵押率48.7%。\r\n（2）借款人法定代表人李东顺的配偶董雪香提供连带责任保证。\r\n','百瑞宝盈249号集合资金信托计划（鹤壁四季青）','non_transaction_management','李小莉','姚楠','2014-08-12 17:08:30','lixue',3,71),(72,'2014-08-12 17:16:22','lixue','唐丽媛','本信托不设预期收益，以本期信托财产运用产生的实际信托收益为准','本期信托募集的信托本金主要用于投资东龙控股的股权。','受托人向项目公司派出董事、监事，参与项目公司的重大事项决策。','百瑞富诚郑东新区发展信托基金1期 ','non_transaction_management','李小莉','赵耀','2014-08-12 17:17:07','lixue',3,72),(73,'2014-08-12 18:26:32','loubingxun','李坤',' 10%/年','信托成立后，受托人按照委托人意愿，将信托资金以贷款方式发放给河南忆通置业发展有限公司（以下简称忆通置业或借款人），用于新乡市针织厂棚户区改造工程项目（亦称“忆通未来城项目”）开发、建设。','（1）借款人以其持有的位于新乡市宏力大道628号、新国用（2011）第03019号土地证项下的41489.34平方米土地使用权向受托人提供抵押担保。根据河南省中地联合评估咨询有限公司出具的《土地估价报告》【报告编号：河南中地公司（2012）估字第274号，估价基准日：2012年12月11日】，上述土地使用权评估价值为10488.51万元。\r\n（2）借款人股东河南天丰投资发展有限公司将其持有的焦作市商业银行股份有限公司（以下简称焦作商行）4000万股股份向受托人提供质押担保。根据焦作商行截至2012年6月的财务报表，焦作商行每股净资产为1.39元，上述质押股份价值为5560万元。','百瑞富诚113号单一资金信托（新乡针织厂棚户区改造项目）','non_transaction_management','李小莉','吴文彬','2014-08-12 18:31:06','loubingxun',4,73),(74,'2014-08-12 18:32:53','loubingxun','李坤','300万以下为7.8%/年，300万（含）以上为8.1%/年','信托计划成立后，受托人按照委托人意愿，将信托计划本金以贷款方式发放给江苏嬉戏族有限公司（以下简称江苏嬉戏族或借款人），用于其“环球动漫嬉戏谷”项目的日常经营及游乐设施改善、扩建等。','（1）江苏武进经济发展集团有限公司提供连带责任保证；\r\n（2）江苏武进太湖湾旅游发展有限公司以其合法持有的位于常州市武进区雪堰镇、土地使用权证号为【武国用（2012）第01347号】土地项下的66668.7平方米土地使用权提供抵押担保；项目成立前，经江苏苏地仁合土地房地产评估咨询有限公司评估【估价报告编号：（苏）苏地仁合（2012）（估）字第366号，估价基准日：2012年12月25日】，抵押土地使用权评估价值为50508.21万元，项目成立时抵押率为55.44%。\r\n','百瑞富诚114号集合资金信托计划（环球数字文化园）','non_transaction_management','李小莉','白亚松','2014-08-12 18:40:01','loubingxun',4,74),(75,'2014-08-12 18:42:34','loubingxun','李坤','','信托计划成立后，受托人按照委托人意愿，将信托计划项下各期信托资金一次或分次用于购买郑州天地人和物业服务有限公司（以下简称天地人和或回购义务人）持有的位于郑州市金水区花园路111号天荣建材港市场（以下简称天荣建材港或租赁物业）的租赁收益权。信托计划到期前，天地人和按照约定溢价回购信托计划项下的租赁收益权，回购价款包括受让款和溢价款。信托计划项下3+1年期信托存续届满3年，天地人和可提前溢价回购全部租赁收益权。','（1）欣荣物业自愿以其合法持有的天地人和20%的股权向受托人提供质押担保。\r\n（2）瑞昊投资自愿以其合同持有的天荣地产20%的股权和龙马实业20%的股权向受托人提供质押担保。\r\n（3）黄河大观、天荣地产、龙马实业、天地人和的实际控制人梁中民自愿以其各自合法所有的全部财产向受托人提供连带责任保证。\r\n（4）天地人和的实际控制人梁中民承诺：在其个人和/或其实际控制企业或其关联企业、关联人等取得天地人和剩余80%股权（对应出资额人民币800万元整）后，其负责落实将该部分股权追加质押给受托人。目前该项已经办理完毕。\r\n','百瑞宝盈181号集合资金信托计划（天荣建材港）','non_transaction_management','李小莉','赛攀','2014-08-12 18:58:33','loubingxun',5,75),(76,'2014-08-12 19:01:31','loubingxun','刘卉','2年期6%/年，3年期为6.5%/年','信托成立后，受托人按照委托人要求，将信托资金以溢价增资的方式对洛阳龙门旅游集团有限公司进行股权增资，每1元出资额的增资价格为7元，其中金额为4285.7143万元的信托资金计入目标公司实收资本，其余资金计入目标公司资本公积。增资完成后百瑞信托持有龙门集团30%的股权，信托终止前，受托人根据委托人出具的指令，通过目标公司分红、股权转让等方式获取投资收益。','（1）由公司股东各派代表组成董事会，其中受托人委派1名董事，洛阳龙门石窟文化洛阳投资有限责任公司委派3名董事，龙门石窟世界文化遗产园区财政局委派1名董事，决定洛阳龙门旅游集团有限公司重大事项，重大事项需全体董事过半数表决同意后方可实施。\r\n（2）信托计划持股期间，洛阳龙门旅游集团有限公司分红不按照股东持股比例分红，由公司股东协商确认分红方式。\r\n（3）信托计划持股期间，洛阳龙门旅游集团有限公司发生股权变更时，需取得全体股东同意方可实施。\r\n（4）信托计划持股期间，当洛阳龙门旅游集团有限公司发生对外负债或担保行为时，需取得全体股东同意方可实施。\r\n（5）信托计划持股期间，当洛阳龙门旅游集团有限公司发生资产购买或转让且资产价值大于3000万元（含）时，需取得全体股东同意方可实施。\r\n','百瑞宝盈207号单一资金信托（旅游发展投资基金-洛阳龙门石窟）','non_transaction_management','李小莉','薛杉',NULL,NULL,0,76);
/*!40000 ALTER TABLE `project_info` ENABLE KEYS */;
UNLOCK TABLES;

--
-- Table structure for table `project_info_counterparties`
--

DROP TABLE IF EXISTS `project_info_counterparties`;
/*!40101 SET @saved_cs_client     = @@character_set_client */;
/*!40101 SET character_set_client = utf8 */;
CREATE TABLE `project_info_counterparties` (
  `project_info_id` bigint(20) NOT NULL,
  `counterparty_id` bigint(20) NOT NULL,
  PRIMARY KEY (`project_info_id`,`counterparty_id`),
  KEY `FK26BAAA134AC95813` (`project_info_id`),
  KEY `FK26BAAA13D69A98B4` (`counterparty_id`),
  CONSTRAINT `FK26BAAA134AC95813` FOREIGN KEY (`project_info_id`) REFERENCES `project_info` (`id`),
  CONSTRAINT `FK26BAAA13D69A98B4` FOREIGN KEY (`counterparty_id`) REFERENCES `counterparty` (`id`)
) ENGINE=InnoDB DEFAULT CHARSET=utf8;
/*!40101 SET character_set_client = @saved_cs_client */;

--
-- Dumping data for table `project_info_counterparties`
--

LOCK TABLES `project_info_counterparties` WRITE;
/*!40000 ALTER TABLE `project_info_counterparties` DISABLE KEYS */;
INSERT INTO `project_info_counterparties` VALUES (1,1),(1,3),(2,1),(2,3),(3,4),(4,6),(5,7),(6,8),(6,9),(7,14),(8,16),(9,15),(11,18),(13,21),(14,23),(15,25),(16,26),(17,28),(18,29),(19,30),(20,32),(22,33),(23,35),(24,36),(25,35),(27,38),(28,41),(29,31),(30,43),(31,45),(32,43),(33,47),(34,48),(35,49),(36,51),(37,48),(38,55),(39,56),(40,58),(41,59),(42,61),(43,14),(44,64),(45,65),(46,68),(47,71),(48,64),(49,72),(50,21),(51,73),(52,76),(53,78),(54,76),(55,80),(56,81),(57,82),(58,83),(59,84),(60,86),(61,89),(62,91),(63,92),(64,93),(65,95),(66,23),(67,26),(68,25),(69,97),(70,98),(71,25),(72,101),(73,102),(74,104),(75,106);
/*!40000 ALTER TABLE `project_info_counterparties` ENABLE KEYS */;
UNLOCK TABLES;

--
-- Table structure for table `project_info_guarantors`
--

DROP TABLE IF EXISTS `project_info_guarantors`;
/*!40101 SET @saved_cs_client     = @@character_set_client */;
/*!40101 SET character_set_client = utf8 */;
CREATE TABLE `project_info_guarantors` (
  `project_info_id` bigint(20) NOT NULL,
  `guarantor_id` bigint(20) NOT NULL,
  PRIMARY KEY (`project_info_id`,`guarantor_id`),
  KEY `FK522D61134AC95813` (`project_info_id`),
  KEY `FK522D61135036F3B3` (`guarantor_id`),
  CONSTRAINT `FK522D61134AC95813` FOREIGN KEY (`project_info_id`) REFERENCES `project_info` (`id`),
  CONSTRAINT `FK522D61135036F3B3` FOREIGN KEY (`guarantor_id`) REFERENCES `counterparty` (`id`)
) ENGINE=InnoDB DEFAULT CHARSET=utf8;
/*!40101 SET character_set_client = @saved_cs_client */;

--
-- Dumping data for table `project_info_guarantors`
--

LOCK TABLES `project_info_guarantors` WRITE;
/*!40000 ALTER TABLE `project_info_guarantors` DISABLE KEYS */;
INSERT INTO `project_info_guarantors` VALUES (1,2),(2,2),(4,5),(5,11),(5,12),(6,10),(7,13),(9,17),(11,19),(11,20),(13,22),(14,24),(16,27),(19,31),(22,34),(24,37),(27,39),(27,40),(28,42),(30,44),(31,46),(32,44),(35,50),(36,52),(36,53),(38,54),(39,57),(41,60),(42,62),(43,13),(45,66),(45,67),(46,69),(46,70),(50,22),(51,74),(51,75),(52,77),(53,79),(54,77),(56,8),(59,85),(60,87),(60,88),(61,90),(65,94),(66,96),(67,27),(69,94),(70,99),(70,100),(73,103),(74,105),(75,107),(75,108);
/*!40000 ALTER TABLE `project_info_guarantors` ENABLE KEYS */;
UNLOCK TABLES;

--
-- Table structure for table `project_info_investments`
--

DROP TABLE IF EXISTS `project_info_investments`;
/*!40101 SET @saved_cs_client     = @@character_set_client */;
/*!40101 SET character_set_client = utf8 */;
CREATE TABLE `project_info_investments` (
  `project_info_id` bigint(20) NOT NULL,
  `investment_status_id` bigint(20) NOT NULL,
  PRIMARY KEY (`project_info_id`,`investment_status_id`),
  KEY `FK1479E2554AC95813` (`project_info_id`),
  KEY `FK1479E2551AD394FB` (`investment_status_id`),
  CONSTRAINT `FK1479E2551AD394FB` FOREIGN KEY (`investment_status_id`) REFERENCES `investment_status` (`id`),
  CONSTRAINT `FK1479E2554AC95813` FOREIGN KEY (`project_info_id`) REFERENCES `project_info` (`id`)
) ENGINE=InnoDB DEFAULT CHARSET=utf8;
/*!40101 SET character_set_client = @saved_cs_client */;

--
-- Dumping data for table `project_info_investments`
--

LOCK TABLES `project_info_investments` WRITE;
/*!40000 ALTER TABLE `project_info_investments` DISABLE KEYS */;
INSERT INTO `project_info_investments` VALUES (1,1),(1,2),(4,3),(4,4),(4,5),(6,6),(7,7),(10,8),(10,9),(15,13),(16,14),(17,28),(19,15),(19,16),(21,17),(22,18),(22,19),(24,20),(26,21),(28,22),(29,23),(29,24),(30,25),(31,26),(32,27),(33,29),(34,30),(35,31),(36,32),(37,30),(38,33),(39,34),(40,35),(41,36),(42,38),(43,37),(49,39),(50,40),(51,41),(52,42),(53,43),(54,44),(55,45),(56,46),(58,47),(59,48),(60,49),(61,50),(63,51),(64,52),(66,53),(67,14),(68,54),(70,57),(71,13),(72,58),(73,59),(73,60),(74,61);
/*!40000 ALTER TABLE `project_info_investments` ENABLE KEYS */;
UNLOCK TABLES;

--
-- Table structure for table `project_info_status`
--

DROP TABLE IF EXISTS `project_info_status`;
/*!40101 SET @saved_cs_client     = @@character_set_client */;
/*!40101 SET character_set_client = utf8 */;
CREATE TABLE `project_info_status` (
  `id` bigint(20) NOT NULL AUTO_INCREMENT,
  `committed` char(1) DEFAULT 'N',
  `creditInformation` char(1) DEFAULT 'N',
  `financeStatement` char(1) DEFAULT 'N',
  `projectProgress` char(1) DEFAULT 'N',
  `repayment` char(1) DEFAULT 'N',
  `subjectCapacity` char(1) DEFAULT 'N',
  PRIMARY KEY (`id`)
) ENGINE=InnoDB AUTO_INCREMENT=77 DEFAULT CHARSET=utf8;
/*!40101 SET character_set_client = @saved_cs_client */;

--
-- Dumping data for table `project_info_status`
--

LOCK TABLES `project_info_status` WRITE;
/*!40000 ALTER TABLE `project_info_status` DISABLE KEYS */;
INSERT INTO `project_info_status` VALUES (1,'N','Y','Y','Y','Y','Y'),(2,'N','Y','Y','N','N','Y'),(3,'Y','N','N','N','N','N'),(4,'Y','Y','Y','Y','Y','Y'),(5,'Y','N','Y','N','N','N'),(6,'N','N','Y','N','N','Y'),(7,'N','N','Y','N','N','Y'),(8,'Y','Y','Y','N','Y','Y'),(9,'N','N','Y','N','N','Y'),(10,'N','N','N','N','N','N'),(11,'N','N','Y','N','N','Y'),(12,'N','N','N','N','N','N'),(13,'N','N','N','N','N','Y'),(14,'N','N','N','N','N','Y'),(15,'N','N','N','N','N','Y'),(16,'N','N','N','N','N','Y'),(17,'N','N','Y','N','N','N'),(18,'N','N','N','N','N','N'),(19,'N','N','Y','Y','N','Y'),(20,'N','N','N','N','N','N'),(21,'Y','N','N','N','N','N'),(22,'N','N','N','N','N','N'),(23,'N','N','Y','N','N','N'),(24,'N','N','N','N','N','N'),(25,'N','N','N','N','N','N'),(26,'N','N','N','N','N','N'),(27,'N','N','N','N','N','N'),(28,'N','N','Y','N','N','Y'),(29,'N','N','Y','Y','N','Y'),(30,'N','N','N','N','N','N'),(31,'N','N','N','N','N','N'),(32,'N','N','N','N','N','N'),(33,'N','N','N','N','N','N'),(34,'N','N','N','N','N','N'),(35,'N','N','N','N','N','N'),(36,'N','N','N','N','N','N'),(37,'N','N','Y','Y','N','Y'),(38,'N','N','N','N','N','N'),(39,'N','N','N','N','N','Y'),(40,'N','N','Y','N','N','Y'),(41,'N','N','N','N','N','N'),(42,'N','N','N','N','N','N'),(43,'N','N','N','N','N','N'),(44,'N','N','N','N','N','N'),(45,'N','N','N','N','N','N'),(46,'N','N','N','N','N','N'),(47,'N','N','Y','N','N','Y'),(48,'N','N','N','N','N','N'),(49,'N','N','N','N','N','N'),(50,'N','N','N','N','N','N'),(51,'N','N','N','N','N','N'),(52,'N','N','N','N','N','N'),(53,'N','N','Y','Y','N','Y'),(54,'N','N','N','Y','N','N'),(55,'N','N','N','N','N','N'),(56,'N','N','Y','N','N','Y'),(57,'N','Y','Y','N','N','Y'),(58,'N','N','Y','N','N','N'),(59,'N','N','N','N','N','N'),(60,'N','N','N','N','N','N'),(61,'N','N','N','N','N','N'),(62,'N','N','N','N','N','N'),(63,'N','N','N','N','N','N'),(64,'N','N','Y','N','N','N'),(65,'N','N','Y','N','N','Y'),(66,'N','N','Y','N','N','Y'),(67,'N','N','Y','N','N','Y'),(68,'N','N','Y','N','N','Y'),(69,'N','N','Y','N','N','Y'),(70,'N','N','Y','N','N','Y'),(71,'N','N','N','N','N','N'),(72,'N','N','N','N','N','N'),(73,'N','N','N','N','N','N'),(74,'N','N','N','N','N','N'),(75,'N','N','N','N','N','N'),(76,'N','N','N','N','N','N');
/*!40000 ALTER TABLE `project_info_status` ENABLE KEYS */;
UNLOCK TABLES;

--
-- Table structure for table `project_size`
--

DROP TABLE IF EXISTS `project_size`;
/*!40101 SET @saved_cs_client     = @@character_set_client */;
/*!40101 SET character_set_client = utf8 */;
CREATE TABLE `project_size` (
  `id` bigint(20) NOT NULL AUTO_INCREMENT,
  `end_time` datetime DEFAULT NULL,
  `size` decimal(19,2) DEFAULT NULL,
  `start_time` datetime DEFAULT NULL,
  `projectInfo_id` bigint(20) DEFAULT NULL,
  PRIMARY KEY (`id`),
  KEY `FK38005567A7084600` (`projectInfo_id`),
  CONSTRAINT `FK38005567A7084600` FOREIGN KEY (`projectInfo_id`) REFERENCES `project_info` (`id`)
) ENGINE=InnoDB AUTO_INCREMENT=167 DEFAULT CHARSET=utf8;
/*!40101 SET character_set_client = @saved_cs_client */;

--
-- Dumping data for table `project_size`
--

LOCK TABLES `project_size` WRITE;
/*!40000 ALTER TABLE `project_size` DISABLE KEYS */;
INSERT INTO `project_size` VALUES (1,'2015-04-14 00:00:00',100000.00,'2014-04-14 00:00:00',1),(2,'2015-05-14 00:00:00',100000.00,'2013-02-14 00:00:00',2),(3,'2015-09-01 00:00:00',100000.00,'2013-01-14 00:00:00',2),(4,'2014-04-16 00:00:00',1000.00,'2012-08-16 00:00:00',4),(6,'2014-08-16 00:00:00',1000.00,'2012-08-16 00:00:00',4),(7,'2015-04-16 00:00:00',1000.00,'2012-08-16 00:00:00',4),(8,'2015-08-16 00:00:00',47000.00,'2012-08-16 00:00:00',4),(9,'2015-07-24 00:00:00',30000.00,'2012-07-24 00:00:00',5),(10,'2014-09-27 00:00:00',220000000.00,'2013-09-27 00:00:00',6),(11,'2014-10-25 00:00:00',257300000.00,'2013-10-25 00:00:00',6),(12,'2014-11-18 00:00:00',22700000.00,'2013-11-18 00:00:00',6),(13,'2015-09-13 00:00:00',88200000.00,'2013-09-13 00:00:00',6),(14,'2015-10-25 00:00:00',37300000.00,'2013-10-25 00:00:00',6),(15,'2015-11-18 00:00:00',77200000.00,'2013-11-18 00:00:00',6),(16,'2015-11-29 00:00:00',197300000.00,'2013-11-29 00:00:00',6),(17,'2016-01-23 00:00:00',150000000.00,'2014-01-23 00:00:00',6),(18,'2016-01-26 00:00:00',50000000.00,'2014-01-26 00:00:00',6),(19,'2014-04-15 00:00:00',1000.00,'2013-04-15 00:00:00',7),(20,'2014-10-15 00:00:00',9000.00,'2013-04-15 00:00:00',7),(21,'2013-08-30 00:00:00',10000.00,'2012-08-30 00:00:00',11),(22,'2014-08-30 00:00:00',20000.00,'2012-08-30 00:00:00',11),(23,'2014-08-21 00:00:00',30000.00,'2012-08-21 00:00:00',13),(24,'0016-03-25 00:00:00',12000.00,'2013-03-25 00:00:00',14),(25,'2014-08-01 00:00:00',500.00,'2013-02-01 00:00:00',15),(26,'2015-02-01 00:00:00',7500.00,'2013-02-01 00:00:00',15),(27,'2015-03-10 00:00:00',1210.00,'2013-09-10 00:00:00',16),(28,'2015-09-10 00:00:00',23790.00,'2013-09-10 00:00:00',16),(29,'2020-01-12 00:00:00',6000.00,'2010-01-12 00:00:00',17),(30,'2014-03-27 00:00:00',5000.00,'2012-09-27 00:00:00',19),(31,'2014-09-27 00:00:00',10000.00,'2012-09-27 00:00:00',19),(32,'2014-06-21 00:00:00',4500.00,'2012-03-30 00:00:00',20),(33,'2014-12-21 00:00:00',4500.00,'2012-03-30 00:00:00',20),(34,'2013-06-21 00:00:00',4000.00,'2012-03-30 00:00:00',20),(35,'2013-12-21 00:00:00',4500.00,'2012-03-30 00:00:00',20),(36,'2015-06-21 00:00:00',4500.00,'2012-03-30 00:00:00',20),(37,'2015-12-21 00:00:00',4500.00,'2012-03-30 00:00:00',20),(38,'2016-06-21 00:00:00',4500.00,'2012-03-30 00:00:00',20),(39,'2016-12-21 00:00:00',4500.00,'2012-03-30 00:00:00',20),(40,'2017-03-30 00:00:00',4500.00,'2012-03-30 00:00:00',20),(41,'2013-05-01 00:00:00',1050.00,'2012-05-02 00:00:00',22),(42,'2013-11-01 00:00:00',16920.00,'2012-05-02 00:00:00',22),(43,'2014-05-01 00:00:00',8460.00,'2012-05-02 00:00:00',22),(44,'2014-11-01 00:00:00',800.00,'2012-05-02 00:00:00',22),(45,'2015-05-01 00:00:00',2770.00,'2012-05-02 00:00:00',22),(46,'2014-08-26 00:00:00',1720.00,'2013-08-26 00:00:00',23),(47,'2015-02-26 00:00:00',220.00,'2013-08-26 00:00:00',23),(48,'2015-08-26 00:00:00',2410.00,'2013-08-26 00:00:00',23),(49,'2016-08-26 00:00:00',11180.00,'2013-08-26 00:00:00',23),(50,'2014-09-24 00:00:00',1490.00,'2013-09-24 00:00:00',23),(51,'2015-03-24 00:00:00',1330.00,'2013-09-24 00:00:00',23),(52,'2015-09-24 00:00:00',3630.00,'2013-09-24 00:00:00',23),(53,'2016-03-24 00:00:00',700.00,'2013-09-24 00:00:00',23),(54,'2016-09-24 00:00:00',6700.00,'2013-09-24 00:00:00',23),(55,'2016-01-28 00:00:00',11300.00,'2014-01-28 00:00:00',24),(56,'2015-10-01 00:00:00',10000.00,'2014-04-01 00:00:00',24),(57,'2015-04-23 00:00:00',7600.00,'2013-10-23 00:00:00',25),(58,'2015-04-10 00:00:00',3000.00,'2014-04-10 00:00:00',26),(59,'2015-10-10 00:00:00',12000.00,'2014-04-10 00:00:00',26),(60,'2015-07-24 00:00:00',2170.00,'2014-01-24 00:00:00',27),(61,'2015-11-24 00:00:00',3800.00,'2014-01-24 00:00:00',27),(62,'2016-01-24 00:00:00',5530.00,'2014-01-24 00:00:00',27),(63,'2015-09-04 00:00:00',3260.00,'2014-03-04 00:00:00',27),(64,'2016-03-04 00:00:00',300.00,'2014-03-04 00:00:00',27),(65,'2014-01-19 00:00:00',7730.00,'2012-01-19 00:00:00',28),(66,'2014-07-19 00:00:00',6140.00,'2012-01-19 00:00:00',28),(67,'2015-01-19 00:00:00',4000.00,'2012-01-19 00:00:00',28),(68,'2014-09-22 00:00:00',800.00,'2013-03-22 00:00:00',29),(69,'2015-03-22 00:00:00',9200.00,'2013-03-22 00:00:00',29),(70,'2013-12-07 00:00:00',100.00,'2011-12-07 00:00:00',30),(71,'2014-06-07 00:00:00',100.00,'2011-12-07 00:00:00',30),(72,'2014-12-07 00:00:00',29800.00,'2011-12-07 00:00:00',30),(73,'2014-12-07 00:00:00',39740.00,'2012-05-09 00:00:00',30),(74,'2014-09-08 00:00:00',1000.00,'2013-03-08 00:00:00',32),(75,'2015-03-08 00:00:00',1000.00,'2013-03-08 00:00:00',32),(76,'2015-09-08 00:00:00',1000.00,'2013-03-08 00:00:00',32),(77,'2016-03-08 00:00:00',50000.00,'2013-03-08 00:00:00',32),(78,'2016-05-26 00:00:00',12240.00,'2013-09-26 00:00:00',32),(79,'2017-01-05 00:00:00',6770.00,'2014-03-05 00:00:00',32),(80,'2031-11-08 00:00:00',4000.00,'2011-11-08 00:00:00',33),(81,'2016-12-26 00:00:00',47800.00,'2011-12-26 00:00:00',34),(82,'2015-06-28 00:00:00',3300.00,'2012-12-28 00:00:00',35),(83,'2015-12-28 00:00:00',7040.00,'2012-12-28 00:00:00',35),(84,'2014-06-28 00:00:00',600.00,'2013-01-29 00:00:00',35),(85,'2014-12-28 00:00:00',4060.00,'2013-01-29 00:00:00',35),(86,'2015-06-28 00:00:00',1190.00,'2013-01-29 00:00:00',35),(87,'2015-12-28 00:00:00',2910.00,'2013-01-29 00:00:00',35),(88,'2014-06-28 00:00:00',4380.00,'2013-03-18 00:00:00',35),(89,'2014-12-28 00:00:00',5670.00,'2013-03-18 00:00:00',35),(90,'2014-05-09 00:00:00',200.00,'2012-11-09 00:00:00',36),(91,'2014-11-09 00:00:00',800.00,'2012-11-09 00:00:00',36),(92,'2015-05-09 00:00:00',200.00,'2012-11-09 00:00:00',36),(93,'2015-11-09 00:00:00',8800.00,'2012-11-09 00:00:00',36),(94,'2016-12-26 00:00:00',47800.00,'2011-12-26 00:00:00',37),(95,'2013-06-30 00:00:00',2000.00,'2011-12-30 00:00:00',38),(96,'2013-12-30 00:00:00',3000.00,'2011-12-30 00:00:00',38),(97,'2014-06-30 00:00:00',6000.00,'2011-12-30 00:00:00',38),(98,'2014-12-30 00:00:00',4000.00,'2011-12-30 00:00:00',38),(99,'2013-06-30 00:00:00',2000.00,'2011-12-30 00:00:00',39),(100,'2013-12-30 00:00:00',3000.00,'2011-12-30 00:00:00',39),(101,'2014-06-30 00:00:00',6000.00,'2011-12-30 00:00:00',39),(102,'2014-12-30 00:00:00',4000.00,'2011-12-30 00:00:00',39),(103,'2014-06-29 00:00:00',5000.00,'2012-06-29 00:00:00',40),(104,'2014-08-29 00:00:00',5000.00,'2012-06-29 00:00:00',40),(105,'2014-11-09 00:00:00',10000.00,'2012-06-29 00:00:00',40),(106,'2014-10-18 00:00:00',1000.00,'2013-04-18 00:00:00',41),(107,'2015-04-18 00:00:00',19000.00,'2013-04-18 00:00:00',41),(108,'2014-10-16 00:00:00',5000.00,'2013-04-16 00:00:00',42),(109,'2014-12-16 00:00:00',5000.00,'2013-04-16 00:00:00',42),(110,'2015-04-16 00:00:00',10000.00,'2013-04-16 00:00:00',42),(111,'2014-04-15 00:00:00',1000.00,'2013-04-15 00:00:00',43),(112,'2014-04-15 00:00:00',9000.00,'2013-04-15 00:00:00',43),(113,'2014-12-21 00:00:00',17620.00,'2013-06-21 00:00:00',44),(114,'2015-06-27 00:00:00',30000.00,'2013-06-27 00:00:00',45),(115,'2015-02-28 00:00:00',200.00,'2013-08-29 00:00:00',46),(116,'2015-08-29 00:00:00',4230.00,'2013-08-29 00:00:00',46),(117,'2015-08-29 00:00:00',800.00,'2013-10-16 00:00:00',46),(118,'2015-08-29 00:00:00',760.00,'2013-10-31 00:00:00',46),(119,'2015-02-12 00:00:00',41150.00,'2013-08-12 00:00:00',48),(120,'2014-01-28 00:00:00',100.00,'2012-07-31 00:00:00',49),(121,'2014-07-31 00:00:00',9900.00,'2012-07-31 00:00:00',49),(122,'2014-08-21 00:00:00',30000.00,'2012-08-21 00:00:00',50),(123,'2014-05-28 00:00:00',60000.00,'2012-09-28 00:00:00',51),(124,'2014-02-26 00:00:00',950.00,'2012-10-26 00:00:00',52),(125,'2014-10-26 00:00:00',19050.00,'2012-10-26 00:00:00',52),(126,'2014-05-09 00:00:00',600.00,'2012-11-09 00:00:00',53),(127,'2014-11-09 00:00:00',29400.00,'2012-11-09 00:00:00',53),(128,'2014-06-04 00:00:00',NULL,'2012-12-04 00:00:00',54),(129,'2014-12-04 00:00:00',12210.00,'2012-12-04 00:00:00',54),(130,'2014-06-04 00:00:00',910.00,'2012-12-04 00:00:00',54),(131,'2023-01-16 00:00:00',199.00,'2013-01-16 00:00:00',55),(132,'2014-08-22 00:00:00',4960.00,'2013-08-22 00:00:00',56),(133,'2015-07-28 00:00:00',1850.00,'2014-02-28 00:00:00',57),(134,'2016-02-28 00:00:00',1700.00,'2014-02-28 00:00:00',57),(135,'2016-07-28 00:00:00',1350.00,'2014-02-28 00:00:00',57),(136,'2017-02-28 00:00:00',5220.00,'2014-02-28 00:00:00',57),(137,'2015-09-04 00:00:00',150.00,'2014-03-04 00:00:00',57),(138,'2016-03-04 00:00:00',300.00,'2014-03-04 00:00:00',57),(139,'2016-09-04 00:00:00',650.00,'2014-08-12 00:00:00',57),(140,'2014-09-04 00:00:00',650.00,'2014-03-04 00:00:00',57),(141,'2014-08-12 00:00:00',3000.00,'2014-08-12 00:00:00',58),(142,'2014-11-27 00:00:00',18000.00,'2013-11-27 00:00:00',59),(143,'2015-03-09 00:00:00',3240.00,'2014-02-27 00:00:00',60),(144,'2015-03-28 00:00:00',22000.00,'2014-03-28 00:00:00',61),(145,'2015-03-28 00:00:00',1470.00,'2014-03-28 00:00:00',62),(146,'2015-03-28 00:00:00',1480.00,'2014-03-28 00:00:00',63),(147,'2014-12-09 00:00:00',750.00,'2013-06-09 00:00:00',65),(148,'2015-06-09 00:00:00',29250.00,'2013-06-09 00:00:00',65),(149,'2016-03-25 00:00:00',12000.00,'2013-03-25 00:00:00',66),(150,'2015-03-10 00:00:00',1210.00,'2013-09-10 00:00:00',67),(151,'2015-09-10 00:00:00',23790.00,'2013-09-10 00:00:00',67),(152,'2015-06-23 00:00:00',1000.00,'2013-12-23 00:00:00',68),(153,'2015-12-23 00:00:00',7000.00,'2013-12-23 00:00:00',68),(154,'2014-12-19 00:00:00',5000.00,'2013-12-19 00:00:00',69),(155,'2014-08-01 00:00:00',500.00,'2013-02-01 00:00:00',71),(156,'2015-02-01 00:00:00',7500.00,'2013-02-01 00:00:00',71),(157,'2016-04-02 00:00:00',20000.00,'2014-04-02 00:00:00',70),(158,'2030-04-30 00:00:00',10000.00,'2010-04-30 00:00:00',72),(159,'2014-06-28 00:00:00',200.00,'2012-12-28 00:00:00',73),(160,'2014-12-28 00:00:00',9800.00,'2012-12-28 00:00:00',73),(161,'2014-07-30 00:00:00',2000.00,'2013-01-30 00:00:00',74),(162,'2015-01-30 00:00:00',26000.00,'2013-01-30 00:00:00',74),(163,'2014-07-13 00:00:00',20000.00,'2012-07-13 00:00:00',75),(164,'2015-07-13 00:00:00',10000.00,'2012-07-13 00:00:00',75),(165,'2014-07-13 00:00:00',10000.00,'2012-07-13 00:00:00',75),(166,'2016-07-13 00:00:00',15000.00,'2012-07-30 00:00:00',75);
/*!40000 ALTER TABLE `project_size` ENABLE KEYS */;
UNLOCK TABLES;

--
-- Table structure for table `repayment`
--

DROP TABLE IF EXISTS `repayment`;
/*!40101 SET @saved_cs_client     = @@character_set_client */;
/*!40101 SET character_set_client = utf8 */;
CREATE TABLE `repayment` (
  `id` bigint(20) NOT NULL AUTO_INCREMENT,
  `amount` decimal(19,2) DEFAULT NULL,
  `comment` varchar(255) DEFAULT NULL,
  `createTime` datetime DEFAULT NULL,
  `repaymentTime` datetime DEFAULT NULL,
  `type` varchar(255) DEFAULT NULL,
  `updateTime` datetime DEFAULT NULL,
  `version` int(11) DEFAULT NULL,
  `createUser` bigint(20) DEFAULT NULL,
  `projectInfo_id` bigint(20) DEFAULT NULL,
  `updateUser` bigint(20) DEFAULT NULL,
  PRIMARY KEY (`id`),
  KEY `FKD36C54734F74920D` (`createUser`),
  KEY `FKD36C5473A7084600` (`projectInfo_id`),
  KEY `FKD36C5473EC347B5A` (`updateUser`),
  CONSTRAINT `FKD36C54734F74920D` FOREIGN KEY (`createUser`) REFERENCES `app_user` (`id`),
  CONSTRAINT `FKD36C5473A7084600` FOREIGN KEY (`projectInfo_id`) REFERENCES `project_info` (`id`),
  CONSTRAINT `FKD36C5473EC347B5A` FOREIGN KEY (`updateUser`) REFERENCES `app_user` (`id`)
) ENGINE=InnoDB AUTO_INCREMENT=4 DEFAULT CHARSET=utf8;
/*!40101 SET character_set_client = @saved_cs_client */;

--
-- Dumping data for table `repayment`
--

LOCK TABLES `repayment` WRITE;
/*!40000 ALTER TABLE `repayment` DISABLE KEYS */;
INSERT INTO `repayment` VALUES (1,1000000000.00,'','2014-05-14 06:06:06','2014-07-05 00:00:00','principle','2014-05-14 06:06:06',1,-1,1,-1),(2,12495000.00,'','2014-08-04 15:36:57','2014-03-20 00:00:00','interest','2014-08-04 15:36:57',0,-2,4,-2),(3,30000000.00,'','2014-08-08 15:36:36','2014-05-31 00:00:00','principle','2014-08-08 15:36:36',0,16,8,16);
/*!40000 ALTER TABLE `repayment` ENABLE KEYS */;
UNLOCK TABLES;

--
-- Table structure for table `repayment_project`
--

DROP TABLE IF EXISTS `repayment_project`;
/*!40101 SET @saved_cs_client     = @@character_set_client */;
/*!40101 SET character_set_client = utf8 */;
CREATE TABLE `repayment_project` (
  `id` bigint(20) NOT NULL AUTO_INCREMENT,
  `comments` varchar(255) DEFAULT NULL,
  `createTime` datetime DEFAULT NULL,
  `createUser` varchar(255) DEFAULT NULL,
  `currAvgPrice` double DEFAULT NULL,
  `evaluation` varchar(255) DEFAULT NULL,
  `openDate` datetime DEFAULT NULL,
  `permitSaleSize` double DEFAULT NULL,
  `preAvgPrice` double DEFAULT NULL,
  `preSaleSize` double DEFAULT NULL,
  `projectEndTime` datetime DEFAULT NULL,
  `salePercentRate` double DEFAULT NULL,
  `totalSaleSize` double DEFAULT NULL,
  `totalSize` double DEFAULT NULL,
  `updateTime` datetime DEFAULT NULL,
  `updateUser` varchar(255) DEFAULT NULL,
  `version` int(11) DEFAULT NULL,
  `investment_status_id` bigint(20) DEFAULT NULL,
  PRIMARY KEY (`id`),
  KEY `FK30B6234D1AD394FB` (`investment_status_id`),
  CONSTRAINT `FK30B6234D1AD394FB` FOREIGN KEY (`investment_status_id`) REFERENCES `investment_status` (`id`)
) ENGINE=InnoDB AUTO_INCREMENT=3 DEFAULT CHARSET=utf8;
/*!40101 SET character_set_client = @saved_cs_client */;

--
-- Dumping data for table `repayment_project`
--

LOCK TABLES `repayment_project` WRITE;
/*!40000 ALTER TABLE `repayment_project` DISABLE KEYS */;
INSERT INTO `repayment_project` VALUES (1,'测试数据','2014-06-11 06:06:06','admin',6000,'测试数据描述','2014-07-08 00:00:00',5000,11000,500,'2014-07-08 00:00:00',60,50000,50000,'2014-06-11 06:06:06','admin',0,2),(2,'无','2014-08-04 00:00:00','admin',1920,NULL,'2013-03-26 00:00:00',156511,1915,58699,'2014-03-31 00:00:00',66.32,156511,215824,'2014-08-05 15:01:05','admin',2,5);
/*!40000 ALTER TABLE `repayment_project` ENABLE KEYS */;
UNLOCK TABLES;

--
-- Table structure for table `report_corp_balancesheet`
--

DROP TABLE IF EXISTS `report_corp_balancesheet`;
/*!40101 SET @saved_cs_client     = @@character_set_client */;
/*!40101 SET character_set_client = utf8 */;
CREATE TABLE `report_corp_balancesheet` (
  `risk_control_report_id` bigint(20) NOT NULL,
  `corp_balancesheet_id` bigint(20) NOT NULL,
  PRIMARY KEY (`risk_control_report_id`,`corp_balancesheet_id`),
  KEY `FKD408B02D8D15E656` (`risk_control_report_id`),
  KEY `FKD408B02D1D101A1C` (`corp_balancesheet_id`),
  CONSTRAINT `FKD408B02D1D101A1C` FOREIGN KEY (`corp_balancesheet_id`) REFERENCES `corp_balancesheet` (`id`),
  CONSTRAINT `FKD408B02D8D15E656` FOREIGN KEY (`risk_control_report_id`) REFERENCES `risk_control_report` (`id`)
) ENGINE=InnoDB DEFAULT CHARSET=utf8;
/*!40101 SET character_set_client = @saved_cs_client */;

--
-- Dumping data for table `report_corp_balancesheet`
--

LOCK TABLES `report_corp_balancesheet` WRITE;
/*!40000 ALTER TABLE `report_corp_balancesheet` DISABLE KEYS */;
INSERT INTO `report_corp_balancesheet` VALUES (6,28),(6,33);
/*!40000 ALTER TABLE `report_corp_balancesheet` ENABLE KEYS */;
UNLOCK TABLES;

--
-- Table structure for table `report_credit_information`
--

DROP TABLE IF EXISTS `report_credit_information`;
/*!40101 SET @saved_cs_client     = @@character_set_client */;
/*!40101 SET character_set_client = utf8 */;
CREATE TABLE `report_credit_information` (
  `risk_control_report_id` bigint(20) NOT NULL,
  `credit_information_id` bigint(20) NOT NULL,
  PRIMARY KEY (`risk_control_report_id`,`credit_information_id`),
  KEY `FK7662DD138D2788D` (`credit_information_id`),
  KEY `FK7662DD18D15E656` (`risk_control_report_id`),
  CONSTRAINT `FK7662DD138D2788D` FOREIGN KEY (`credit_information_id`) REFERENCES `credit_information` (`id`),
  CONSTRAINT `FK7662DD18D15E656` FOREIGN KEY (`risk_control_report_id`) REFERENCES `risk_control_report` (`id`)
) ENGINE=InnoDB DEFAULT CHARSET=utf8;
/*!40101 SET character_set_client = @saved_cs_client */;

--
-- Dumping data for table `report_credit_information`
--

LOCK TABLES `report_credit_information` WRITE;
/*!40000 ALTER TABLE `report_credit_information` DISABLE KEYS */;
INSERT INTO `report_credit_information` VALUES (5,4);
/*!40000 ALTER TABLE `report_credit_information` ENABLE KEYS */;
UNLOCK TABLES;

--
-- Table structure for table `report_guarantor_corp_balancesheet`
--

DROP TABLE IF EXISTS `report_guarantor_corp_balancesheet`;
/*!40101 SET @saved_cs_client     = @@character_set_client */;
/*!40101 SET character_set_client = utf8 */;
CREATE TABLE `report_guarantor_corp_balancesheet` (
  `risk_control_report_id` bigint(20) NOT NULL,
  `corp_balancesheet_id` bigint(20) NOT NULL,
  PRIMARY KEY (`risk_control_report_id`,`corp_balancesheet_id`),
  KEY `FK702E3E798D15E656` (`risk_control_report_id`),
  KEY `FK702E3E791D101A1C` (`corp_balancesheet_id`),
  CONSTRAINT `FK702E3E791D101A1C` FOREIGN KEY (`corp_balancesheet_id`) REFERENCES `corp_balancesheet` (`id`),
  CONSTRAINT `FK702E3E798D15E656` FOREIGN KEY (`risk_control_report_id`) REFERENCES `risk_control_report` (`id`)
) ENGINE=InnoDB DEFAULT CHARSET=utf8;
/*!40101 SET character_set_client = @saved_cs_client */;

--
-- Dumping data for table `report_guarantor_corp_balancesheet`
--

LOCK TABLES `report_guarantor_corp_balancesheet` WRITE;
/*!40000 ALTER TABLE `report_guarantor_corp_balancesheet` DISABLE KEYS */;
INSERT INTO `report_guarantor_corp_balancesheet` VALUES (3,5),(3,7),(5,5),(5,7);
/*!40000 ALTER TABLE `report_guarantor_corp_balancesheet` ENABLE KEYS */;
UNLOCK TABLES;

--
-- Table structure for table `report_guarantor_inst_balancesheet`
--

DROP TABLE IF EXISTS `report_guarantor_inst_balancesheet`;
/*!40101 SET @saved_cs_client     = @@character_set_client */;
/*!40101 SET character_set_client = utf8 */;
CREATE TABLE `report_guarantor_inst_balancesheet` (
  `risk_control_report_id` bigint(20) NOT NULL,
  `inst_balancesheet_id` bigint(20) NOT NULL,
  PRIMARY KEY (`risk_control_report_id`,`inst_balancesheet_id`),
  KEY `FK53EA255D8D15E656` (`risk_control_report_id`),
  KEY `FK53EA255DEC9CC268` (`inst_balancesheet_id`),
  CONSTRAINT `FK53EA255D8D15E656` FOREIGN KEY (`risk_control_report_id`) REFERENCES `risk_control_report` (`id`),
  CONSTRAINT `FK53EA255DEC9CC268` FOREIGN KEY (`inst_balancesheet_id`) REFERENCES `inst_balancesheet` (`id`)
) ENGINE=InnoDB DEFAULT CHARSET=utf8;
/*!40101 SET character_set_client = @saved_cs_client */;

--
-- Dumping data for table `report_guarantor_inst_balancesheet`
--

LOCK TABLES `report_guarantor_inst_balancesheet` WRITE;
/*!40000 ALTER TABLE `report_guarantor_inst_balancesheet` DISABLE KEYS */;
INSERT INTO `report_guarantor_inst_balancesheet` VALUES (4,9),(4,12);
/*!40000 ALTER TABLE `report_guarantor_inst_balancesheet` ENABLE KEYS */;
UNLOCK TABLES;

--
-- Table structure for table `report_inst_balancesheet`
--

DROP TABLE IF EXISTS `report_inst_balancesheet`;
/*!40101 SET @saved_cs_client     = @@character_set_client */;
/*!40101 SET character_set_client = utf8 */;
CREATE TABLE `report_inst_balancesheet` (
  `risk_control_report_id` bigint(20) NOT NULL,
  `inst_balancesheet_id` bigint(20) NOT NULL,
  PRIMARY KEY (`risk_control_report_id`,`inst_balancesheet_id`),
  KEY `FKB7C497118D15E656` (`risk_control_report_id`),
  KEY `FKB7C49711EC9CC268` (`inst_balancesheet_id`),
  CONSTRAINT `FKB7C497118D15E656` FOREIGN KEY (`risk_control_report_id`) REFERENCES `risk_control_report` (`id`),
  CONSTRAINT `FKB7C49711EC9CC268` FOREIGN KEY (`inst_balancesheet_id`) REFERENCES `inst_balancesheet` (`id`)
) ENGINE=InnoDB DEFAULT CHARSET=utf8;
/*!40101 SET character_set_client = @saved_cs_client */;

--
-- Dumping data for table `report_inst_balancesheet`
--

LOCK TABLES `report_inst_balancesheet` WRITE;
/*!40000 ALTER TABLE `report_inst_balancesheet` DISABLE KEYS */;
INSERT INTO `report_inst_balancesheet` VALUES (3,5),(3,7),(5,5),(5,7);
/*!40000 ALTER TABLE `report_inst_balancesheet` ENABLE KEYS */;
UNLOCK TABLES;

--
-- Table structure for table `report_investment_project`
--

DROP TABLE IF EXISTS `report_investment_project`;
/*!40101 SET @saved_cs_client     = @@character_set_client */;
/*!40101 SET character_set_client = utf8 */;
CREATE TABLE `report_investment_project` (
  `risk_control_report_id` bigint(20) NOT NULL,
  `investment_project_id` bigint(20) NOT NULL,
  PRIMARY KEY (`risk_control_report_id`,`investment_project_id`),
  KEY `FKDCAAFE988D15E656` (`risk_control_report_id`),
  KEY `FKDCAAFE98C09CB311` (`investment_project_id`),
  CONSTRAINT `FKDCAAFE988D15E656` FOREIGN KEY (`risk_control_report_id`) REFERENCES `risk_control_report` (`id`),
  CONSTRAINT `FKDCAAFE98C09CB311` FOREIGN KEY (`investment_project_id`) REFERENCES `investment_project` (`id`)
) ENGINE=InnoDB DEFAULT CHARSET=utf8;
/*!40101 SET character_set_client = @saved_cs_client */;

--
-- Dumping data for table `report_investment_project`
--

LOCK TABLES `report_investment_project` WRITE;
/*!40000 ALTER TABLE `report_investment_project` DISABLE KEYS */;
INSERT INTO `report_investment_project` VALUES (3,2),(3,3),(5,2),(5,3);
/*!40000 ALTER TABLE `report_investment_project` ENABLE KEYS */;
UNLOCK TABLES;

--
-- Table structure for table `report_profit_statement`
--

DROP TABLE IF EXISTS `report_profit_statement`;
/*!40101 SET @saved_cs_client     = @@character_set_client */;
/*!40101 SET character_set_client = utf8 */;
CREATE TABLE `report_profit_statement` (
  `risk_control_report_id` bigint(20) NOT NULL,
  `profit_statement_id` bigint(20) NOT NULL,
  PRIMARY KEY (`risk_control_report_id`,`profit_statement_id`),
  KEY `FK1B4EF8DFAE786A03` (`profit_statement_id`),
  KEY `FK1B4EF8DF8D15E656` (`risk_control_report_id`),
  CONSTRAINT `FK1B4EF8DF8D15E656` FOREIGN KEY (`risk_control_report_id`) REFERENCES `risk_control_report` (`id`),
  CONSTRAINT `FK1B4EF8DFAE786A03` FOREIGN KEY (`profit_statement_id`) REFERENCES `profit_statement` (`id`)
) ENGINE=InnoDB DEFAULT CHARSET=utf8;
/*!40101 SET character_set_client = @saved_cs_client */;

--
-- Dumping data for table `report_profit_statement`
--

LOCK TABLES `report_profit_statement` WRITE;
/*!40000 ALTER TABLE `report_profit_statement` DISABLE KEYS */;
INSERT INTO `report_profit_statement` VALUES (6,13),(6,14);
/*!40000 ALTER TABLE `report_profit_statement` ENABLE KEYS */;
UNLOCK TABLES;

--
-- Table structure for table `report_repayment_project`
--

DROP TABLE IF EXISTS `report_repayment_project`;
/*!40101 SET @saved_cs_client     = @@character_set_client */;
/*!40101 SET character_set_client = utf8 */;
CREATE TABLE `report_repayment_project` (
  `risk_control_report_id` bigint(20) NOT NULL,
  `repayment_project_id` bigint(20) NOT NULL,
  PRIMARY KEY (`risk_control_report_id`,`repayment_project_id`),
  KEY `FK4935FD0277109155` (`repayment_project_id`),
  KEY `FK4935FD028D15E656` (`risk_control_report_id`),
  CONSTRAINT `FK4935FD0277109155` FOREIGN KEY (`repayment_project_id`) REFERENCES `repayment_project` (`id`),
  CONSTRAINT `FK4935FD028D15E656` FOREIGN KEY (`risk_control_report_id`) REFERENCES `risk_control_report` (`id`)
) ENGINE=InnoDB DEFAULT CHARSET=utf8;
/*!40101 SET character_set_client = @saved_cs_client */;

--
-- Dumping data for table `report_repayment_project`
--

LOCK TABLES `report_repayment_project` WRITE;
/*!40000 ALTER TABLE `report_repayment_project` DISABLE KEYS */;
INSERT INTO `report_repayment_project` VALUES (3,2),(5,2);
/*!40000 ALTER TABLE `report_repayment_project` ENABLE KEYS */;
UNLOCK TABLES;

--
-- Table structure for table `report_subject_capacity`
--

DROP TABLE IF EXISTS `report_subject_capacity`;
/*!40101 SET @saved_cs_client     = @@character_set_client */;
/*!40101 SET character_set_client = utf8 */;
CREATE TABLE `report_subject_capacity` (
  `risk_control_report_id` bigint(20) NOT NULL,
  `subject_capacity_id` bigint(20) NOT NULL,
  PRIMARY KEY (`risk_control_report_id`,`subject_capacity_id`),
  KEY `FK95129E188D15E656` (`risk_control_report_id`),
  KEY `FK95129E18C97B64B9` (`subject_capacity_id`),
  CONSTRAINT `FK95129E188D15E656` FOREIGN KEY (`risk_control_report_id`) REFERENCES `risk_control_report` (`id`),
  CONSTRAINT `FK95129E18C97B64B9` FOREIGN KEY (`subject_capacity_id`) REFERENCES `subject_capacity` (`id`)
) ENGINE=InnoDB DEFAULT CHARSET=utf8;
/*!40101 SET character_set_client = @saved_cs_client */;

--
-- Dumping data for table `report_subject_capacity`
--

LOCK TABLES `report_subject_capacity` WRITE;
/*!40000 ALTER TABLE `report_subject_capacity` DISABLE KEYS */;
INSERT INTO `report_subject_capacity` VALUES (3,4),(5,4);
/*!40000 ALTER TABLE `report_subject_capacity` ENABLE KEYS */;
UNLOCK TABLES;

--
-- Table structure for table `report_supply_liquid_project`
--

DROP TABLE IF EXISTS `report_supply_liquid_project`;
/*!40101 SET @saved_cs_client     = @@character_set_client */;
/*!40101 SET character_set_client = utf8 */;
CREATE TABLE `report_supply_liquid_project` (
  `risk_control_report_id` bigint(20) NOT NULL,
  `supply_liquid_project_id` bigint(20) NOT NULL,
  PRIMARY KEY (`risk_control_report_id`,`supply_liquid_project_id`),
  KEY `FK612DFF9B3F053B00` (`supply_liquid_project_id`),
  KEY `FK612DFF9B8D15E656` (`risk_control_report_id`),
  CONSTRAINT `FK612DFF9B3F053B00` FOREIGN KEY (`supply_liquid_project_id`) REFERENCES `supply_liquid_project` (`id`),
  CONSTRAINT `FK612DFF9B8D15E656` FOREIGN KEY (`risk_control_report_id`) REFERENCES `risk_control_report` (`id`)
) ENGINE=InnoDB DEFAULT CHARSET=utf8;
/*!40101 SET character_set_client = @saved_cs_client */;

--
-- Dumping data for table `report_supply_liquid_project`
--

LOCK TABLES `report_supply_liquid_project` WRITE;
/*!40000 ALTER TABLE `report_supply_liquid_project` DISABLE KEYS */;
/*!40000 ALTER TABLE `report_supply_liquid_project` ENABLE KEYS */;
UNLOCK TABLES;

--
-- Table structure for table `risk_control_report`
--

DROP TABLE IF EXISTS `risk_control_report`;
/*!40101 SET @saved_cs_client     = @@character_set_client */;
/*!40101 SET character_set_client = utf8 */;
CREATE TABLE `risk_control_report` (
  `id` bigint(20) NOT NULL AUTO_INCREMENT,
  `collateralSummary` varchar(255) DEFAULT NULL,
  `comments` varchar(255) DEFAULT NULL,
  `createTime` datetime DEFAULT NULL,
  `createUser` varchar(255) DEFAULT NULL,
  `financeCheckComment` varchar(255) DEFAULT NULL,
  `guarantorCheckComment` varchar(255) DEFAULT NULL,
  `guarantorSummary` varchar(255) DEFAULT NULL,
  `investmentEvaluation` varchar(255) DEFAULT NULL,
  `policyChanges` varchar(255) DEFAULT NULL,
  `priceChanges` varchar(255) DEFAULT NULL,
  `repaymentEvaluation` varchar(255) DEFAULT NULL,
  `reportSeason` varchar(255) NOT NULL,
  `statusBeforeMaturity` varchar(255) DEFAULT NULL,
  `timeRangeEnd` datetime DEFAULT NULL,
  `timeRangeStart` datetime DEFAULT NULL,
  `updateTime` datetime DEFAULT NULL,
  `updateUser` varchar(255) DEFAULT NULL,
  `version` int(11) DEFAULT NULL,
  `projectInfo_id` bigint(20) DEFAULT NULL,
  `reportStatus_id` bigint(20) DEFAULT NULL,
  PRIMARY KEY (`id`),
  KEY `FKEB0EC5C6A7084600` (`projectInfo_id`),
  KEY `FKEB0EC5C649626E5A` (`reportStatus_id`),
  CONSTRAINT `FKEB0EC5C649626E5A` FOREIGN KEY (`reportStatus_id`) REFERENCES `risk_control_report_status` (`id`),
  CONSTRAINT `FKEB0EC5C6A7084600` FOREIGN KEY (`projectInfo_id`) REFERENCES `project_info` (`id`)
) ENGINE=InnoDB AUTO_INCREMENT=8 DEFAULT CHARSET=utf8;
/*!40101 SET character_set_client = @saved_cs_client */;

--
-- Dumping data for table `risk_control_report`
--

LOCK TABLES `risk_control_report` WRITE;
/*!40000 ALTER TABLE `risk_control_report` DISABLE KEYS */;
INSERT INTO `risk_control_report` VALUES (1,NULL,NULL,'2014-07-13 22:31:51','admin',NULL,NULL,NULL,NULL,NULL,NULL,NULL,'2014Q3',NULL,'2014-09-30 00:00:00','2014-07-01 00:00:00',NULL,NULL,0,1,1),(2,NULL,NULL,'2014-07-31 14:28:30','admin',NULL,NULL,NULL,NULL,NULL,NULL,NULL,'2014Q1',NULL,'2014-03-31 00:00:00','2014-01-01 00:00:00',NULL,NULL,0,1,2),(3,NULL,'信托计划存续期间，借款人郑州市金水区非税收入征收管理局均如期还款，未出现还款逾期情况。2013年金水区财政总收入150.9亿元，其中地方公共财政预算收入完成50.6亿元，增长15.1%。','2014-08-04 15:48:42','admin','借款人资产规模较小，资产负债率偏高，资产流动性较差。','担保人资产规模较小，资产负债率偏高，资产流动性较差，担保能力较弱。',NULL,'施工进度正常，无异常情况出现。',NULL,NULL,'与可研现金流预测存在一定差距，可研预测2013年全年的现金回流金额为83,389万元，实际销售现金回流为63,873.19万元。','2014Q1',NULL,'2014-03-31 00:00:00','2014-01-01 00:00:00',NULL,NULL,15,4,3),(4,NULL,NULL,'2014-08-04 16:44:26','admin',NULL,'后付款大会更快地',NULL,NULL,NULL,NULL,NULL,'2014Q1',NULL,'2014-03-31 00:00:00','2014-01-01 00:00:00',NULL,NULL,4,5,4),(5,NULL,'本次风险排查未发现潜在风险因素，本项目风险可控','2014-08-05 14:24:48','admin','','',NULL,'',NULL,NULL,'','2014Q2',NULL,'2014-06-30 00:00:00','2014-04-01 00:00:00',NULL,NULL,9,4,5),(6,NULL,NULL,'2014-08-05 14:34:37','admin','',NULL,NULL,NULL,NULL,NULL,NULL,'2014Q1',NULL,'2014-03-31 00:00:00','2014-01-01 00:00:00',NULL,NULL,1,8,6),(7,NULL,NULL,'2014-08-08 11:17:37','admin',NULL,NULL,NULL,NULL,NULL,NULL,NULL,'2014Q1',NULL,'2014-03-31 00:00:00','2014-01-01 00:00:00',NULL,NULL,0,21,7);
/*!40000 ALTER TABLE `risk_control_report` ENABLE KEYS */;
UNLOCK TABLES;

--
-- Table structure for table `risk_control_report_status`
--

DROP TABLE IF EXISTS `risk_control_report_status`;
/*!40101 SET @saved_cs_client     = @@character_set_client */;
/*!40101 SET character_set_client = utf8 */;
CREATE TABLE `risk_control_report_status` (
  `id` bigint(20) NOT NULL AUTO_INCREMENT,
  `commitReport` char(1) DEFAULT 'N',
  `offsiteDataInput` char(1) DEFAULT 'N',
  `reportAudit` char(1) DEFAULT 'N',
  PRIMARY KEY (`id`)
) ENGINE=InnoDB AUTO_INCREMENT=8 DEFAULT CHARSET=utf8;
/*!40101 SET character_set_client = @saved_cs_client */;

--
-- Dumping data for table `risk_control_report_status`
--

LOCK TABLES `risk_control_report_status` WRITE;
/*!40000 ALTER TABLE `risk_control_report_status` DISABLE KEYS */;
INSERT INTO `risk_control_report_status` VALUES (1,'Y','N','N'),(2,'Y','N','N'),(3,'Y','N','N'),(4,'Y','N','N'),(5,'Y','N','N'),(6,'N','N','N'),(7,'N','N','N');
/*!40000 ALTER TABLE `risk_control_report_status` ENABLE KEYS */;
UNLOCK TABLES;

--
-- Table structure for table `role`
--

DROP TABLE IF EXISTS `role`;
/*!40101 SET @saved_cs_client     = @@character_set_client */;
/*!40101 SET character_set_client = utf8 */;
CREATE TABLE `role` (
  `id` bigint(20) NOT NULL AUTO_INCREMENT,
  `description` varchar(64) DEFAULT NULL,
  `name` varchar(20) DEFAULT NULL,
  PRIMARY KEY (`id`)
) ENGINE=InnoDB DEFAULT CHARSET=utf8;
/*!40101 SET character_set_client = @saved_cs_client */;

--
-- Dumping data for table `role`
--

LOCK TABLES `role` WRITE;
/*!40000 ALTER TABLE `role` DISABLE KEYS */;
INSERT INTO `role` VALUES (-5,'风险主管','ROLE_RISK_DIRECTOR'),(-4,'托管经理','ROLE_RISK_OPERATOR'),(-3,'风险经理','ROLE_RISK_MANAGER'),(-2,'运营专员','ROLE_USER'),(-1,'System administrator','ROLE_ADMIN');
/*!40000 ALTER TABLE `role` ENABLE KEYS */;
UNLOCK TABLES;

--
-- Table structure for table `subject_capacity`
--

DROP TABLE IF EXISTS `subject_capacity`;
/*!40101 SET @saved_cs_client     = @@character_set_client */;
/*!40101 SET character_set_client = utf8 */;
CREATE TABLE `subject_capacity` (
  `id` bigint(20) NOT NULL AUTO_INCREMENT,
  `bizScopeChanged` char(1) DEFAULT NULL,
  `capitalChanged` char(1) DEFAULT NULL,
  `checkTime` datetime DEFAULT NULL,
  `comment_bsc` varchar(255) DEFAULT NULL,
  `comment_cc` varchar(255) DEFAULT NULL,
  `comment_dcc` varchar(255) DEFAULT NULL,
  `comment_lcv` varchar(255) DEFAULT NULL,
  `comment_lvd` varchar(255) DEFAULT NULL,
  `comment_nc` varchar(255) DEFAULT NULL,
  `comment_obc` varchar(255) DEFAULT NULL,
  `comment_oc` varchar(255) DEFAULT NULL,
  `comment_ocvd` varchar(255) DEFAULT NULL,
  `comment_osc` varchar(255) DEFAULT NULL,
  `comment_vr` varchar(255) DEFAULT NULL,
  `createTime` datetime DEFAULT NULL,
  `createUser` varchar(255) DEFAULT NULL,
  `devCapacityChanged` char(1) DEFAULT NULL,
  `licenseVerificationDate` varchar(255) DEFAULT NULL,
  `loanCardValid` char(1) DEFAULT NULL,
  `nameChanged` char(1) DEFAULT NULL,
  `orgCodeVerificationDate` varchar(255) DEFAULT NULL,
  `otherBigChanges` char(1) DEFAULT NULL,
  `ownerChanged` char(1) DEFAULT NULL,
  `ownershipChanged` char(1) DEFAULT NULL,
  `reportSeason` int(11) DEFAULT NULL,
  `updateTime` datetime DEFAULT NULL,
  `updateUser` varchar(255) DEFAULT NULL,
  `verifyResults` varchar(255) DEFAULT NULL,
  `version` int(11) DEFAULT NULL,
  `counterparty_id` bigint(20) DEFAULT NULL,
  `projectInfo_id` bigint(20) DEFAULT NULL,
  PRIMARY KEY (`id`),
  KEY `FKEF1F026DA7084600` (`projectInfo_id`),
  KEY `FKEF1F026DD69A98B4` (`counterparty_id`),
  CONSTRAINT `FKEF1F026DA7084600` FOREIGN KEY (`projectInfo_id`) REFERENCES `project_info` (`id`),
  CONSTRAINT `FKEF1F026DD69A98B4` FOREIGN KEY (`counterparty_id`) REFERENCES `counterparty` (`id`)
) ENGINE=InnoDB AUTO_INCREMENT=32 DEFAULT CHARSET=utf8;
/*!40101 SET character_set_client = @saved_cs_client */;

--
-- Dumping data for table `subject_capacity`
--

LOCK TABLES `subject_capacity` WRITE;
/*!40000 ALTER TABLE `subject_capacity` DISABLE KEYS */;
INSERT INTO `subject_capacity` VALUES (1,'Y','Y','2014-07-01 00:00:00',NULL,NULL,NULL,NULL,NULL,NULL,NULL,NULL,NULL,NULL,NULL,'2014-05-14 06:06:06','admin','N','2012年已年检','Y','Y','2013年已年检','N','Y','Y',2,'2014-05-14 06:06:06','admin','2013年4月10日发证',1,1,1),(2,'N','Y','2014-07-01 00:00:00',NULL,NULL,NULL,NULL,NULL,NULL,NULL,NULL,NULL,NULL,NULL,'2014-05-14 06:06:06','admin','N','2013年已年检','N','Y','2014年已年检','N','N','N',2,'2014-05-14 06:06:06','admin','2013年6月10日发证',1,3,1),(3,'N','Y','2014-07-01 00:00:00',NULL,NULL,NULL,NULL,NULL,NULL,NULL,NULL,NULL,NULL,NULL,'2014-05-14 06:06:06','admin','N','2014年已年检','N','Y','2014年已年检','Y','N','N',2,'2014-05-14 06:06:06','admin','2013年12月22日发证',1,3,2),(4,NULL,NULL,'2014-03-01 00:00:00',NULL,NULL,NULL,'',NULL,'','','','',NULL,'','2014-08-04 00:00:00','admin',NULL,NULL,'Y','N','2013年已年检','N','N',NULL,NULL,'2014-08-04 15:49:20','admin','True',1,6,4),(5,'N','N','2014-06-01 00:00:00','','',NULL,'','','','','','','',NULL,'2014-08-04 16:40:18','lixue',NULL,'2013年已年检','Y','N','2013年已年检','N','N','N',NULL,'2014-08-04 16:40:18','lixue',NULL,0,8,6),(6,'N','N','2014-06-01 00:00:00','','',NULL,'','','','','','','',NULL,'2014-08-04 16:40:36','lixue',NULL,'2013年已年检','Y','N','2013年已年检','N','N','N',NULL,'2014-08-04 16:40:36','lixue',NULL,0,9,6),(7,'N','N','2014-08-01 00:00:00','','',NULL,'','','','','','','',NULL,'2014-08-04 16:47:16','lixin',NULL,'2012年已年检','Y','N','2012年已年检','N','N','N',NULL,'2014-08-04 16:47:16','lixin',NULL,0,14,7),(8,'N','N','2014-05-01 00:00:00','','',NULL,'','','','','','','',NULL,'2014-08-04 00:00:00','loubingxun',NULL,'2013年已年检','Y','N','2013年已年检','N','N','N',NULL,'2014-08-04 17:37:12','loubingxun',NULL,1,16,8),(9,'N','N','2014-08-01 00:00:00','','',NULL,'','变动表上显示不适用','','','','变动表上显示不适用','',NULL,'2014-08-04 00:00:00','wangzhen',NULL,'','Y','N','','N','N','Y',NULL,'2014-08-12 17:19:23','wangzhen',NULL,1,15,9),(10,'N','N','2014-06-01 00:00:00','','',NULL,'','','','','','','',NULL,'2014-08-07 00:00:00','lixue',NULL,'2013年已年检','Y','N','2013年已年检','N','N','N',NULL,'2014-08-07 17:57:07','lixue',NULL,1,18,11),(11,'N','N','2014-06-01 00:00:00','','',NULL,'','','','','','','',NULL,'2014-08-07 17:56:51','lixue',NULL,'2013年已年检','Y','N','2013年已年检','N','N','N',NULL,'2014-08-07 17:56:51','lixue',NULL,0,21,13),(12,'N','N','2014-06-01 00:00:00','','',NULL,'','','','','','','',NULL,'2014-08-07 18:02:22','lixue',NULL,'2013年已年检','Y','N','2013年已年检','N','N','N',NULL,'2014-08-07 18:02:22','lixue',NULL,0,23,14),(13,'N','N','2014-06-01 00:00:00','','',NULL,'','','','','','','',NULL,'2014-08-07 18:08:19','lixue',NULL,'2013年已年检','Y','N','2013年已年检','N','N','N',NULL,'2014-08-07 18:08:19','lixue',NULL,0,25,15),(14,'N','N','2014-06-01 00:00:00','','',NULL,'','','','','','','',NULL,'2014-08-07 18:12:08','lixue',NULL,'2013年已年检','Y','N','2013年已年检','N','N','N',NULL,'2014-08-07 18:12:08','lixue',NULL,0,26,16),(15,'N','N','2014-06-01 00:00:00','','','','未排查','根据1季度报告写的','','','','','',NULL,'2014-08-08 14:23:26','wangzhen','N','2012年已年检','N','N','2012年已年检','N','N','N',NULL,'2014-08-08 14:23:26','wangzhen',NULL,0,30,19),(16,'N','N','2014-08-01 00:00:00','','',NULL,'','','','','','','',NULL,'2014-08-08 14:42:25','loubingxun',NULL,'2013已年检','Y','N','2013已年检','N','N','N',NULL,'2014-08-08 14:42:25','loubingxun',NULL,0,16,8),(17,'N','N','2014-08-01 00:00:00','','','','','','','','','','',NULL,'2014-08-08 00:00:00','wangzhen','N','2013年已年检','Y','N','2013年已年检','N','N','N',NULL,'2014-08-08 15:23:17','wangzhen',NULL,1,31,29),(18,'N','N','2014-08-01 00:00:00','','',NULL,'','','','','','','',NULL,'2014-08-11 09:52:59','lixin',NULL,'2012已年检','Y','N','2012已年检','N','N','N',NULL,'2014-08-11 09:52:59','lixin',NULL,0,41,28),(19,'N','N','2014-06-01 00:00:00','','',NULL,'','','','','','','',NULL,'2014-08-11 10:16:38','lixue',NULL,'已经2012年年检','Y','N','已经2012年年检','N','N','N',NULL,'2014-08-11 10:16:38','lixue',NULL,0,48,37),(20,'N','N','2014-06-01 00:00:00','','',NULL,'','','','','','','',NULL,'2014-08-11 14:30:08','lixue',NULL,'2012年已年检','Y','N','2012年已年检','N','N','N',NULL,'2014-08-11 14:30:08','lixue',NULL,0,56,39),(21,'N','N','2014-06-01 00:00:00','','',NULL,'','','','','','','',NULL,'2014-08-11 14:33:58','lixue',NULL,'2012年已年检','Y','N','2012年已年检','N','N','N',NULL,'2014-08-11 14:33:58','lixue',NULL,0,58,40),(22,'N','N','2014-06-01 00:00:00','','',NULL,'','','','','','','',NULL,'2014-08-11 15:21:37','loubingxun',NULL,'2013已年检','Y','N','2013已年检','N','N','N',NULL,'2014-08-11 15:21:37','loubingxun',NULL,0,71,47),(23,NULL,NULL,'2014-06-01 00:00:00',NULL,NULL,NULL,'',NULL,'','','','',NULL,'','2014-08-12 10:29:18','lixue',NULL,NULL,'Y','N','已经2012年年检','N','N',NULL,NULL,'2014-08-12 10:29:18','lixue',NULL,0,78,53),(24,'N','N','2014-06-01 00:00:00','','',NULL,'','','','','','','',NULL,'2014-08-12 11:01:53','lixue',NULL,'已经2012年年检','Y','N','已经2012年年检','N','N','N',NULL,'2014-08-12 11:01:53','lixue',NULL,0,81,56),(25,'N','N','2014-06-01 00:00:00','','',NULL,'','','','','','','',NULL,'2014-08-12 14:58:03','lixue',NULL,'2012年已年检','Y','N','2012年已年检','N','N','N',NULL,'2014-08-12 14:58:03','lixue',NULL,0,23,66),(26,'N','N','2014-06-01 00:00:00','','',NULL,'','','','','','','',NULL,'2014-08-12 15:22:02','lixue',NULL,'2012年已年检','Y','N','2012年已年检','N','N','N',NULL,'2014-08-12 15:22:02','lixue',NULL,0,26,67),(27,'N','N','2014-06-01 00:00:00','','',NULL,'未排查','网上报备，不再年检','','','','','',NULL,'2014-08-12 15:48:39','wangzhen',NULL,'2012年已年检','Y','N','2013年7月发证','N','N','N',NULL,'2014-08-12 15:48:39','wangzhen',NULL,0,95,65),(28,'N','N','2014-06-01 00:00:00','','',NULL,'','','','','','','',NULL,'2014-08-12 16:59:46','lixue',NULL,'已经2012年年检','Y','N','已经2012年年检','N','N','N',NULL,'2014-08-12 16:59:46','lixue',NULL,0,25,68),(29,'N','N','2014-06-01 00:00:00','','',NULL,'','','','','','','',NULL,'2014-08-12 17:08:24','wangzhen',NULL,'2012年已年检','Y','N','2012年已年检','N','N','N',NULL,'2014-08-12 17:08:24','wangzhen',NULL,0,97,69),(30,'N','N','2014-06-01 00:00:00','','','','','','','','','','',NULL,'2014-08-12 17:14:10','zhaoyaping','N','2012年','Y','N','2012年','N','N','N',NULL,'2014-08-12 17:14:10','zhaoyaping',NULL,0,82,57),(31,'N','N','2014-07-01 00:00:00','','',NULL,'','','','','','','',NULL,'2014-08-12 17:18:45','loubingxun',NULL,'2013年已年检','Y','N','2013年已年检','N','N','N',NULL,'2014-08-12 17:18:45','loubingxun',NULL,0,98,70);
/*!40000 ALTER TABLE `subject_capacity` ENABLE KEYS */;
UNLOCK TABLES;

--
-- Table structure for table `supply_liquid_project`
--

DROP TABLE IF EXISTS `supply_liquid_project`;
/*!40101 SET @saved_cs_client     = @@character_set_client */;
/*!40101 SET character_set_client = utf8 */;
CREATE TABLE `supply_liquid_project` (
  `id` bigint(20) NOT NULL AUTO_INCREMENT,
  `bigChanges` char(1) DEFAULT NULL,
  `comments` varchar(255) DEFAULT NULL,
  `createTime` datetime DEFAULT NULL,
  `createUser` varchar(255) DEFAULT NULL,
  `description` varchar(255) DEFAULT NULL,
  `evaluation` varchar(255) DEFAULT NULL,
  `firmSize` varchar(255) DEFAULT NULL,
  `industryVista` varchar(255) DEFAULT NULL,
  `investmentProgress` varchar(255) DEFAULT NULL,
  `projectEndTime` datetime DEFAULT NULL,
  `saleSituation` varchar(255) DEFAULT NULL,
  `updateTime` datetime DEFAULT NULL,
  `updateUser` varchar(255) DEFAULT NULL,
  `version` int(11) DEFAULT NULL,
  `investment_status_id` bigint(20) DEFAULT NULL,
  PRIMARY KEY (`id`),
  KEY `FKA44C08661AD394FB` (`investment_status_id`),
  CONSTRAINT `FKA44C08661AD394FB` FOREIGN KEY (`investment_status_id`) REFERENCES `investment_status` (`id`)
) ENGINE=InnoDB AUTO_INCREMENT=2 DEFAULT CHARSET=utf8;
/*!40101 SET character_set_client = @saved_cs_client */;

--
-- Dumping data for table `supply_liquid_project`
--

LOCK TABLES `supply_liquid_project` WRITE;
/*!40000 ALTER TABLE `supply_liquid_project` DISABLE KEYS */;
INSERT INTO `supply_liquid_project` VALUES (1,NULL,'','2014-08-11 10:30:25','lixue','','','','','截止目前我公司二期工程建设已基本完成，建筑面积为26477平方米。','2014-06-30 00:00:00','',NULL,NULL,0,30);
/*!40000 ALTER TABLE `supply_liquid_project` ENABLE KEYS */;
UNLOCK TABLES;

--
-- Table structure for table `user_role`
--

DROP TABLE IF EXISTS `user_role`;
/*!40101 SET @saved_cs_client     = @@character_set_client */;
/*!40101 SET character_set_client = utf8 */;
CREATE TABLE `user_role` (
  `user_id` bigint(20) NOT NULL,
  `role_id` bigint(20) NOT NULL,
  PRIMARY KEY (`user_id`,`role_id`),
  KEY `FK143BF46A4FD90D75` (`role_id`),
  KEY `FK143BF46AF503D155` (`user_id`),
  CONSTRAINT `FK143BF46A4FD90D75` FOREIGN KEY (`role_id`) REFERENCES `role` (`id`),
  CONSTRAINT `FK143BF46AF503D155` FOREIGN KEY (`user_id`) REFERENCES `app_user` (`id`)
) ENGINE=InnoDB DEFAULT CHARSET=utf8;
/*!40101 SET character_set_client = @saved_cs_client */;

--
-- Dumping data for table `user_role`
--

LOCK TABLES `user_role` WRITE;
/*!40000 ALTER TABLE `user_role` DISABLE KEYS */;
INSERT INTO `user_role` VALUES (19,-4),(20,-4),(21,-4),(22,-4),(23,-4),(24,-4),(26,-4),(27,-4),(28,-4),(29,-4),(47,-4),(31,-3),(32,-3),(34,-3),(35,-3),(36,-3),(37,-3),(44,-3),(46,-3),(-3,-2),(-1,-2),(15,-2),(16,-2),(17,-2),(18,-2),(-3,-1),(-2,-1);
/*!40000 ALTER TABLE `user_role` ENABLE KEYS */;
UNLOCK TABLES;
/*!40103 SET TIME_ZONE=@OLD_TIME_ZONE */;

/*!40101 SET SQL_MODE=@OLD_SQL_MODE */;
/*!40014 SET FOREIGN_KEY_CHECKS=@OLD_FOREIGN_KEY_CHECKS */;
/*!40014 SET UNIQUE_CHECKS=@OLD_UNIQUE_CHECKS */;
/*!40101 SET CHARACTER_SET_CLIENT=@OLD_CHARACTER_SET_CLIENT */;
/*!40101 SET CHARACTER_SET_RESULTS=@OLD_CHARACTER_SET_RESULTS */;
/*!40101 SET COLLATION_CONNECTION=@OLD_COLLATION_CONNECTION */;
/*!40111 SET SQL_NOTES=@OLD_SQL_NOTES */;

-- Dump completed on 2014-08-13  3:06:07
